Date,Consumption
01-01-2006,1069.184
02-01-2006,1380.521
03-01-2006,1442.533
04-01-2006,1457.217
05-01-2006,1477.131
06-01-2006,1403.427
07-01-2006,1300.287
08-01-2006,1207.985
09-01-2006,1529.323
10-01-2006,1576.911
11-01-2006,1577.176
12-01-2006,1553.28
13-01-2006,1545.002
14-01-2006,1359.945
15-01-2006,1265.475
16-01-2006,1563.738
17-01-2006,1598.303
18-01-2006,1572.984
19-01-2006,1558.29
20-01-2006,1540.604
21-01-2006,1348.188
22-01-2006,1248.111
23-01-2006,1569.691
24-01-2006,1603.252
25-01-2006,1613.312
26-01-2006,1601.673
27-01-2006,1586.065
28-01-2006,1373.03
29-01-2006,1252.215
30-01-2006,1554.722
31-01-2006,1575.129
01-02-2006,1582.134
02-02-2006,1595.717
03-02-2006,1577.786
04-02-2006,1366.322
05-02-2006,1258.013
06-02-2006,1557.525
07-02-2006,1606.667
08-02-2006,1590.896
09-02-2006,1599.129
10-02-2006,1554.631
11-02-2006,1346.104
12-02-2006,1232.568
13-02-2006,1521.456
14-02-2006,1551.373
15-02-2006,1562.656
16-02-2006,1523.719
17-02-2006,1495.913
18-02-2006,1297.385
19-02-2006,1173.05
20-02-2006,1501.246
21-02-2006,1544.112
22-02-2006,1543.107
23-02-2006,1523.491
24-02-2006,1507.235
25-02-2006,1309.603
26-02-2006,1204.766
27-02-2006,1444.899
28-02-2006,1507.49
01-03-2006,1531.173
02-03-2006,1539.951
03-03-2006,1510.884
04-03-2006,1323.303
05-03-2006,1220.395
06-03-2006,1502.191
07-03-2006,1514.012
08-03-2006,1545.834
09-03-2006,1498.444
10-03-2006,1475.327
11-03-2006,1320.368
12-03-2006,1218.407
13-03-2006,1494.832
14-03-2006,1514.066
15-03-2006,1518.04
16-03-2006,1516.898
17-03-2006,1495.324
18-03-2006,1280.717
19-03-2006,1160.078
20-03-2006,1446.238
21-03-2006,1470.34
22-03-2006,1471.667
23-03-2006,1456.016
24-03-2006,1444.75
25-03-2006,1231.067
26-03-2006,1116.743
27-03-2006,1400.982
28-03-2006,1435.152
29-03-2006,1438.405
30-03-2006,1457.454
31-03-2006,1429.066
01-04-2006,1207.769
02-04-2006,1110.026
03-04-2006,1422.789
04-04-2006,1436.699
05-04-2006,1447.798
06-04-2006,1432.853
07-04-2006,1394.98
08-04-2006,1195.959
09-04-2006,1104.106
10-04-2006,1408.169
11-04-2006,1419.301
12-04-2006,1425.712
13-04-2006,1415.542
14-04-2006,1118.396
15-04-2006,1086.018
16-04-2006,986.875
17-04-2006,1009.094
18-04-2006,1349.563
19-04-2006,1368.456
20-04-2006,1362.217
21-04-2006,1333.266
22-04-2006,1152.943
23-04-2006,1042.414
24-04-2006,1345.851
25-04-2006,1359.806
26-04-2006,1374.322
27-04-2006,1384.681
28-04-2006,1362.57
29-04-2006,1167.24
30-04-2006,1026.352
01-05-2006,986.698
02-05-2006,1329.821
03-05-2006,1348.188
04-05-2006,1348.343
05-05-2006,1330.52
06-05-2006,1115.442
07-05-2006,998.308
08-05-2006,1321.782
09-05-2006,1353.229
10-05-2006,1351.4
11-05-2006,1337.502
12-05-2006,1320.006
13-05-2006,1123.926
14-05-2006,1010.284
15-05-2006,1317.849
16-05-2006,1360.65
17-05-2006,1346.098
18-05-2006,1365.406
19-05-2006,1348.465
20-05-2006,1175.273
21-05-2006,1050.17
22-05-2006,1358.082
23-05-2006,1374.495
24-05-2006,1339.565
25-05-2006,1053.351
26-05-2006,1213.465
27-05-2006,1108.266
28-05-2006,1065.343
29-05-2006,1349.247
30-05-2006,1376.794
31-05-2006,1380.175
01-06-2006,1367.751
02-06-2006,1323.231
03-06-2006,1100.889
04-06-2006,955.373
05-06-2006,975.632
06-06-2006,1306.362
07-06-2006,1325.818
08-06-2006,1328.546
09-06-2006,1311.784
10-06-2006,1114.527
11-06-2006,1004.853
12-06-2006,1329.591
13-06-2006,1356.201
14-06-2006,1352.012
15-06-2006,1140.329
16-06-2006,1254.954
17-06-2006,1103.62
18-06-2006,1007.067
19-06-2006,1351.989
20-06-2006,1369.855
21-06-2006,1372.489
22-06-2006,1360.594
23-06-2006,1316.964
24-06-2006,1114.386
25-06-2006,1028.869
26-06-2006,1345.379
27-06-2006,1352.603
28-06-2006,1340.042
29-06-2006,1343.637
30-06-2006,1298.103
01-07-2006,1106.618
02-07-2006,997.896
03-07-2006,1327.143
04-07-2006,1356.526
05-07-2006,1377.781
06-07-2006,1377.99
07-07-2006,1360.061
08-07-2006,1138.65
09-07-2006,1018.423
10-07-2006,1335.241
11-07-2006,1360.208
12-07-2006,1358.226
13-07-2006,1361.493
14-07-2006,1324.459
15-07-2006,1093.701
16-07-2006,993.289
17-07-2006,1305.246
18-07-2006,1333.029
19-07-2006,1342.708
20-07-2006,1351.823
21-07-2006,1333.344
22-07-2006,1136.7
23-07-2006,1025.408
24-07-2006,1330.557
25-07-2006,1349.825
26-07-2006,1356.689
27-07-2006,1348.649
28-07-2006,1327.514
29-07-2006,1122.14
30-07-2006,1010.922
31-07-2006,1289.926
01-08-2006,1303.048
02-08-2006,1291.219
03-08-2006,1284.089
04-08-2006,1262.645
05-08-2006,1087.245
06-08-2006,994.466
07-08-2006,1268.803
08-08-2006,1286.839
09-08-2006,1285.66
10-08-2006,1294.077
11-08-2006,1274.989
12-08-2006,1088.709
13-08-2006,985.959
14-08-2006,1266.844
15-08-2006,1282.22
16-08-2006,1292.058
17-08-2006,1298.837
18-08-2006,1290.869
19-08-2006,1095.066
20-08-2006,1023.166
21-08-2006,1320.274
22-08-2006,1341.316
23-08-2006,1325.545
24-08-2006,1330.924
25-08-2006,1323.755
26-08-2006,1126.495
27-08-2006,1032.319
28-08-2006,1344.455
29-08-2006,1353.885
30-08-2006,1373.313
31-08-2006,1347.763
01-09-2006,1339.468
02-09-2006,1138.742
03-09-2006,1093.767
04-09-2006,1400.634
05-09-2006,1398.368
06-09-2006,1394.28
07-09-2006,1403.4
08-09-2006,1365.061
09-09-2006,1135.574
10-09-2006,1047.285
11-09-2006,1379.243
12-09-2006,1396.303
13-09-2006,1398.321
14-09-2006,1400.087
15-09-2006,1397.504
16-09-2006,1188.876
17-09-2006,1064.353
18-09-2006,1390.863
19-09-2006,1404.479
20-09-2006,1386.332
21-09-2006,1385.803
22-09-2006,1380.783
23-09-2006,1175.308
24-09-2006,1069.175
25-09-2006,1401.1
26-09-2006,1424.304
27-09-2006,1417.328
28-09-2006,1401.731
29-09-2006,1383.458
30-09-2006,1173.168
01-10-2006,1058.268
02-10-2006,1286.932
03-10-2006,1116.572
04-10-2006,1375.636
05-10-2006,1397.459
06-10-2006,1428.592
07-10-2006,1227.91
08-10-2006,1097.087
09-10-2006,1406.128
10-10-2006,1433.588
11-10-2006,1429.996
12-10-2006,1432.512
13-10-2006,1426.507
14-10-2006,1203.526
15-10-2006,1089.685
16-10-2006,1415.474
17-10-2006,1445.882
18-10-2006,1448.511
19-10-2006,1451.647
20-10-2006,1434.666
21-10-2006,1232.339
22-10-2006,1116.473
23-10-2006,1461.803
24-10-2006,1504.192
25-10-2006,1468.365
26-10-2006,1482.747
27-10-2006,1476.272
28-10-2006,1242.024
29-10-2006,1173.761
30-10-2006,1413.066
31-10-2006,1460.399
01-11-2006,1352.658
02-11-2006,1479.071
03-11-2006,1479.9
04-11-2006,1297.959
05-11-2006,1242.064
06-11-2006,1521.545
07-11-2006,1506.669
08-11-2006,1518.364
09-11-2006,1557.411
10-11-2006,1484.26
11-11-2006,1327.664
12-11-2006,1226.642
13-11-2006,1533.554
14-11-2006,1523.361
15-11-2006,1504.301
16-11-2006,1490.779
17-11-2006,1478.095
18-11-2006,1270.72
19-11-2006,1168.114
20-11-2006,1509.712
21-11-2006,1521.778
22-11-2006,1512.51
23-11-2006,1552.044
24-11-2006,1494.088
25-11-2006,1304.453
26-11-2006,1155.541
27-11-2006,1486.959
28-11-2006,1520.421
29-11-2006,1532.762
30-11-2006,1531.525
01-12-2006,1518.198
02-12-2006,1332.812
03-12-2006,1214.524
04-12-2006,1548.124
05-12-2006,1569.48
06-12-2006,1545.3
07-12-2006,1566.124
08-12-2006,1549.681
09-12-2006,1305.841
10-12-2006,1194.85
11-12-2006,1578.983
12-12-2006,1561.264
13-12-2006,1590.009
14-12-2006,1593.613
15-12-2006,1543.073
16-12-2006,1349.181
17-12-2006,1220.188
18-12-2006,1514.852
19-12-2006,1525.667
20-12-2006,1527.593
21-12-2006,1475.71
22-12-2006,1391.579
23-12-2006,1235.688
24-12-2006,1099.201
25-12-2006,1072.746
26-12-2006,1075.922
27-12-2006,1284.676
28-12-2006,1314.603
29-12-2006,1274.646
30-12-2006,1237.751
31-12-2006,1144.398
01-01-2007,1128.843
02-01-2007,1416.669
03-01-2007,1471.586
04-01-2007,1514.823
05-01-2007,1484.168
06-01-2007,1249.663
07-01-2007,1173.687
08-01-2007,1510.013
09-01-2007,1554.889
10-01-2007,1556.122
11-01-2007,1596.639
12-01-2007,1567.453
13-01-2007,1350.886
14-01-2007,1250.781
15-01-2007,1518.88
16-01-2007,1550.792
17-01-2007,1564.22
18-01-2007,1544.324
19-01-2007,1533.347
20-01-2007,1344.002
21-01-2007,1257.521
22-01-2007,1544.182
23-01-2007,1550.71
24-01-2007,1582.538
25-01-2007,1580.233
26-01-2007,1632.587
27-01-2007,1392.674
28-01-2007,1321.527
29-01-2007,1564.383
30-01-2007,1572.655
31-01-2007,1598.002
01-02-2007,1531.493
02-02-2007,1523.781
03-02-2007,1335.646
04-02-2007,1204.853
05-02-2007,1484.894
06-02-2007,1545.558
07-02-2007,1572.704
08-02-2007,1571.158
09-02-2007,1549.471
10-02-2007,1361.316
11-02-2007,1215.285
12-02-2007,1464.08
13-02-2007,1526.139
14-02-2007,1529.17
15-02-2007,1512
16-02-2007,1485.307
17-02-2007,1302.74
18-02-2007,1180.318
19-02-2007,1375.764
20-02-2007,1451.475
21-02-2007,1502.439
22-02-2007,1484.769
23-02-2007,1478.803
24-02-2007,1320.029
25-02-2007,1190.847
26-02-2007,1449.965
27-02-2007,1510.069
28-02-2007,1505.489
01-03-2007,1524.813
02-03-2007,1508.97
03-03-2007,1278.173
04-03-2007,1138.079
05-03-2007,1487.333
06-03-2007,1500.467
07-03-2007,1479.223
08-03-2007,1468.357
09-03-2007,1453.935
10-03-2007,1256.174
11-03-2007,1128.501
12-03-2007,1413.07
13-03-2007,1438.877
14-03-2007,1439.504
15-03-2007,1436.134
16-03-2007,1443.656
17-03-2007,1322.749
18-03-2007,1245.265
19-03-2007,1489.795
20-03-2007,1486.952
21-03-2007,1510.379
22-03-2007,1542.109
23-03-2007,1517.529
24-03-2007,1335.889
25-03-2007,1157.512
26-03-2007,1439.055
27-03-2007,1442.051
28-03-2007,1442.523
29-03-2007,1453.749
30-03-2007,1414.988
31-03-2007,1232.395
01-04-2007,1116.685
02-04-2007,1394.731
03-04-2007,1447.29
04-04-2007,1434.455
05-04-2007,1438.047
06-04-2007,1108.93
07-04-2007,1119.298
08-04-2007,1005.062
09-04-2007,1051.409
10-04-2007,1392.855
11-04-2007,1406.476
12-04-2007,1390.119
13-04-2007,1374.983
14-04-2007,1172.18
15-04-2007,1046.702
16-04-2007,1363.121
17-04-2007,1385.315
18-04-2007,1410.451
19-04-2007,1428.751
20-04-2007,1391.949
21-04-2007,1164.153
22-04-2007,1043.998
23-04-2007,1367.167
24-04-2007,1392.646
25-04-2007,1389.022
26-04-2007,1381.741
27-04-2007,1362.963
28-04-2007,1165.491
29-04-2007,1036.271
30-04-2007,1221.734
01-05-2007,981.179
02-05-2007,1323.94
03-05-2007,1374.726
04-05-2007,1363.181
05-05-2007,1157.579
06-05-2007,1033.405
07-05-2007,1389.396
08-05-2007,1422.031
09-05-2007,1434.624
10-05-2007,1413.384
11-05-2007,1414.225
12-05-2007,1183.749
13-05-2007,1058.64
14-05-2007,1393.619
15-05-2007,1394.495
16-05-2007,1380.842
17-05-2007,1086.609
18-05-2007,1210.026
19-05-2007,1105.205
20-05-2007,1020.532
21-05-2007,1365.723
22-05-2007,1387.172
23-05-2007,1374.524
24-05-2007,1381.45
25-05-2007,1375.075
26-05-2007,1143.336
27-05-2007,972.974
28-05-2007,1010.256
29-05-2007,1368.066
30-05-2007,1356.556
31-05-2007,1351.997
01-06-2007,1349.473
02-06-2007,1149.59
03-06-2007,1029.239
04-06-2007,1352.52
05-06-2007,1368.802
06-06-2007,1364.531
07-06-2007,1163.954
08-06-2007,1291.584
09-06-2007,1145.432
10-06-2007,1043.243
11-06-2007,1382.614
12-06-2007,1402.822
13-06-2007,1392.685
14-06-2007,1394.073
15-06-2007,1393.974
16-06-2007,1166.588
17-06-2007,1044.366
18-06-2007,1380.744
19-06-2007,1395.691
20-06-2007,1416.318
21-06-2007,1405.108
22-06-2007,1367.783
23-06-2007,1147.464
24-06-2007,1038.627
25-06-2007,1377.469
26-06-2007,1416.017
27-06-2007,1439.9
28-06-2007,1380.981
29-06-2007,1361.396
30-06-2007,1161.874
01-07-2007,1045.584
02-07-2007,1369.471
03-07-2007,1375.39
04-07-2007,1366.085
05-07-2007,1386.822
06-07-2007,1387.832
07-07-2007,1183.696
08-07-2007,1037.251
09-07-2007,1346.085
10-07-2007,1347.019
11-07-2007,1365.205
12-07-2007,1366.847
13-07-2007,1346.501
14-07-2007,1143.953
15-07-2007,1037.757
16-07-2007,1360.83
17-07-2007,1374.629
18-07-2007,1372.019
19-07-2007,1370.079
20-07-2007,1356.929
21-07-2007,1146.038
22-07-2007,1033.964
23-07-2007,1335.654
24-07-2007,1383.808
25-07-2007,1358.899
26-07-2007,1343.761
27-07-2007,1341.888
28-07-2007,1134.28
29-07-2007,1035.021
30-07-2007,1338.61
31-07-2007,1323.255
01-08-2007,1313.296
02-08-2007,1355.736
03-08-2007,1277.31
04-08-2007,1101.342
05-08-2007,1039.507
06-08-2007,1341.397
07-08-2007,1395.238
08-08-2007,1371.998
09-08-2007,1344.038
10-08-2007,1328.248
11-08-2007,1104.216
12-08-2007,997.376
13-08-2007,1300.651
14-08-2007,1346.987
15-08-2007,1348.552
16-08-2007,1308.936
17-08-2007,1281.584
18-08-2007,1127.393
19-08-2007,1025.3
20-08-2007,1373.403
21-08-2007,1393.059
22-08-2007,1411.963
23-08-2007,1406.478
24-08-2007,1360.429
25-08-2007,1138.67
26-08-2007,1025.367
27-08-2007,1364.066
28-08-2007,1390.286
29-08-2007,1422.812
30-08-2007,1421.014
31-08-2007,1404.533
01-09-2007,1193.544
02-09-2007,1099.489
03-09-2007,1424.461
04-09-2007,1411.292
05-09-2007,1407.592
06-09-2007,1430.784
07-09-2007,1429.646
08-09-2007,1246.981
09-09-2007,1130.733
10-09-2007,1443.708
11-09-2007,1439.069
12-09-2007,1431.079
13-09-2007,1411.745
14-09-2007,1411.93
15-09-2007,1235.884
16-09-2007,1092.305
17-09-2007,1425.488
18-09-2007,1461.307
19-09-2007,1443.422
20-09-2007,1438.282
21-09-2007,1417.439
22-09-2007,1209.763
23-09-2007,1103.904
24-09-2007,1430.922
25-09-2007,1455.46
26-09-2007,1452.04
27-09-2007,1501.586
28-09-2007,1465.401
29-09-2007,1260.661
30-09-2007,1129.808
01-10-2007,1418.342
02-10-2007,1445.997
03-10-2007,1158.327
04-10-2007,1428.652
05-10-2007,1414.107
06-10-2007,1214.732
07-10-2007,1106.199
08-10-2007,1439.71
09-10-2007,1470.859
10-10-2007,1466.585
11-10-2007,1470.398
12-10-2007,1499.287
13-10-2007,1228.714
14-10-2007,1117.732
15-10-2007,1449.268
16-10-2007,1472.721
17-10-2007,1497.805
18-10-2007,1507.164
19-10-2007,1501.243
20-10-2007,1279.587
21-10-2007,1190.55
22-10-2007,1506.371
23-10-2007,1538.694
24-10-2007,1540.721
25-10-2007,1522.027
26-10-2007,1506.312
27-10-2007,1296.302
28-10-2007,1185.017
29-10-2007,1506.281
30-10-2007,1514.627
31-10-2007,1472.331
01-11-2007,1300.805
02-11-2007,1408.209
03-11-2007,1287.15
04-11-2007,1186.636
05-11-2007,1494.452
06-11-2007,1591.535
07-11-2007,1644.873
08-11-2007,1580.649
09-11-2007,1610.09
10-11-2007,1373.29
11-11-2007,1238.464
12-11-2007,1553.367
13-11-2007,1561.059
14-11-2007,1556.708
15-11-2007,1539.716
16-11-2007,1544.613
17-11-2007,1349.997
18-11-2007,1224.475
19-11-2007,1558.245
20-11-2007,1573.769
21-11-2007,1552.344
22-11-2007,1548.079
23-11-2007,1532.874
24-11-2007,1351.308
25-11-2007,1294.132
26-11-2007,1599.772
27-11-2007,1595.457
28-11-2007,1587.481
29-11-2007,1610.842
30-11-2007,1586.737
01-12-2007,1385.024
02-12-2007,1299.624
03-12-2007,1617.784
04-12-2007,1593.123
05-12-2007,1591.552
06-12-2007,1587.45
07-12-2007,1615
08-12-2007,1380.693
09-12-2007,1246.85
10-12-2007,1545.319
11-12-2007,1571.093
12-12-2007,1574.249
13-12-2007,1556.444
14-12-2007,1546.376
15-12-2007,1340.326
16-12-2007,1247.58
17-12-2007,1543.455
18-12-2007,1564.052
19-12-2007,1557.209
20-12-2007,1531.29
21-12-2007,1457.683
22-12-2007,1305.698
23-12-2007,1226.681
24-12-2007,1168.744
25-12-2007,1112.363
26-12-2007,1120.251
27-12-2007,1287.245
28-12-2007,1308.594
29-12-2007,1256.51
30-12-2007,1142.201
31-12-2007,1145.582
01-01-2008,1083.424
02-01-2008,1396.483
03-01-2008,1523.427
04-01-2008,1512.429
05-01-2008,1355.843
06-01-2008,1209.011
07-01-2008,1542.984
08-01-2008,1565.447
09-01-2008,1561.768
10-01-2008,1571.959
11-01-2008,1551.756
12-01-2008,1355.192
13-01-2008,1225.854
14-01-2008,1556.149
15-01-2008,1596.221
16-01-2008,1575.663
17-01-2008,1548.472
18-01-2008,1549.215
19-01-2008,1352.255
20-01-2008,1224.458
21-01-2008,1552.516
22-01-2008,1565.022
23-01-2008,1557.643
24-01-2008,1568.373
25-01-2008,1599.434
26-01-2008,1409.606
27-01-2008,1272.86
28-01-2008,1516.204
29-01-2008,1531.764
30-01-2008,1556.646
31-01-2008,1593.5
01-02-2008,1604.691
02-02-2008,1355.376
03-02-2008,1223.609
04-02-2008,1481.154
05-02-2008,1536.143
06-02-2008,1572.79
07-02-2008,1566.609
08-02-2008,1503.415
09-02-2008,1293.027
10-02-2008,1179.2
11-02-2008,1492.048
12-02-2008,1523.91
13-02-2008,1542.293
14-02-2008,1556.974
15-02-2008,1538.604
16-02-2008,1326.761
17-02-2008,1229.443
18-02-2008,1560.866
19-02-2008,1554.795
20-02-2008,1551.603
21-02-2008,1571.934
22-02-2008,1606.299
23-02-2008,1361.091
24-02-2008,1191.572
25-02-2008,1507.333
26-02-2008,1557.302
27-02-2008,1582.078
28-02-2008,1513.179
29-02-2008,1502.001
01-03-2008,1375.903
02-03-2008,1265.889
03-03-2008,1519.856
04-03-2008,1545.508
05-03-2008,1529.23
06-03-2008,1570.612
07-03-2008,1488.568
08-03-2008,1283.302
09-03-2008,1182.81
10-03-2008,1484.846
11-03-2008,1531.191
12-03-2008,1571.014
13-03-2008,1573.429
14-03-2008,1510.365
15-03-2008,1267.466
16-03-2008,1165.851
17-03-2008,1508.6
18-03-2008,1512.219
19-03-2008,1502.994
20-03-2008,1492.826
21-03-2008,1228.325
22-03-2008,1208.581
23-03-2008,1088.27
24-03-2008,1115.513
25-03-2008,1464.363
26-03-2008,1529.734
27-03-2008,1495.959
28-03-2008,1460.372
29-03-2008,1281.289
30-03-2008,1167.593
31-03-2008,1435.773
01-04-2008,1468.038
02-04-2008,1488.001
03-04-2008,1491.993
04-04-2008,1465.897
05-04-2008,1271.197
06-04-2008,1156.181
07-04-2008,1471.491
08-04-2008,1472.065
09-04-2008,1476.398
10-04-2008,1478.682
11-04-2008,1454.682
12-04-2008,1229.588
13-04-2008,1119.972
14-04-2008,1456.913
15-04-2008,1482.648
16-04-2008,1467.958
17-04-2008,1458.33
18-04-2008,1435.367
19-04-2008,1259.607
20-04-2008,1110.038
21-04-2008,1457.043
22-04-2008,1484.834
23-04-2008,1420.243
24-04-2008,1416.933
25-04-2008,1401.472
26-04-2008,1183.262
27-04-2008,1065.066
28-04-2008,1409.408
29-04-2008,1419.492
30-04-2008,1374.498
01-05-2008,1026.167
02-05-2008,1201.579
03-05-2008,1109.653
04-05-2008,1031.472
05-05-2008,1357.382
06-05-2008,1382.96
07-05-2008,1379.221
08-05-2008,1370.643
09-05-2008,1344
10-05-2008,1120.047
11-05-2008,957.026
12-05-2008,989.434
13-05-2008,1332.15
14-05-2008,1368.785
15-05-2008,1380.475
16-05-2008,1367.001
17-05-2008,1184.424
18-05-2008,1062.978
19-05-2008,1363.607
20-05-2008,1370.487
21-05-2008,1370.915
22-05-2008,1163.613
23-05-2008,1258.231
24-05-2008,1128.052
25-05-2008,1050.947
26-05-2008,1381.911
27-05-2008,1398.667
28-05-2008,1429.284
29-05-2008,1409.855
30-05-2008,1399.015
31-05-2008,1190.04
01-06-2008,1060.393
02-06-2008,1379.592
03-06-2008,1389.905
04-06-2008,1397.524
05-06-2008,1393.859
06-06-2008,1357.035
07-06-2008,1165.5
08-06-2008,1045.6
09-06-2008,1355.783
10-06-2008,1380.759
11-06-2008,1371.815
12-06-2008,1368.108
13-06-2008,1346.021
14-06-2008,1133.244
15-06-2008,1035.383
16-06-2008,1343.318
17-06-2008,1368.623
18-06-2008,1373.078
19-06-2008,1371.182
20-06-2008,1340.465
21-06-2008,1139.909
22-06-2008,1060.216
23-06-2008,1380.828
24-06-2008,1368.77
25-06-2008,1383.384
26-06-2008,1373.551
27-06-2008,1372.462
28-06-2008,1163.012
29-06-2008,1038.172
30-06-2008,1346.422
01-07-2008,1380.288
02-07-2008,1397.098
03-07-2008,1404.763
04-07-2008,1355.638
05-07-2008,1129.876
06-07-2008,1041.709
07-07-2008,1338.199
08-07-2008,1370.67
09-07-2008,1369.517
10-07-2008,1369.54
11-07-2008,1352.139
12-07-2008,1146.634
13-07-2008,1029.243
14-07-2008,1324.471
15-07-2008,1345.819
16-07-2008,1359.372
17-07-2008,1362.253
18-07-2008,1333.615
19-07-2008,1119.765
20-07-2008,1031.074
21-07-2008,1334.297
22-07-2008,1334.409
23-07-2008,1326.747
24-07-2008,1324.874
25-07-2008,1314.228
26-07-2008,1142.574
27-07-2008,1039.321
28-07-2008,1330.953
29-07-2008,1359.079
30-07-2008,1350.439
31-07-2008,1350.253
01-08-2008,1328.425
02-08-2008,1117.795
03-08-2008,1046.408
04-08-2008,1349.001
05-08-2008,1344.579
06-08-2008,1334.72
07-08-2008,1359.001
08-08-2008,1327.802
09-08-2008,1132.256
10-08-2008,1047.261
11-08-2008,1340.211
12-08-2008,1385.901
13-08-2008,1375.108
14-08-2008,1359.224
15-08-2008,1307.532
16-08-2008,1126.097
17-08-2008,1031.6
18-08-2008,1337.886
19-08-2008,1373.632
20-08-2008,1371.919
21-08-2008,1360.072
22-08-2008,1352.729
23-08-2008,1152.011
24-08-2008,1043.285
25-08-2008,1346.973
26-08-2008,1372.02
27-08-2008,1378.079
28-08-2008,1397.458
29-08-2008,1376.338
30-08-2008,1133.253
31-08-2008,1040.452
01-09-2008,1386.419
02-09-2008,1399.869
03-09-2008,1409.421
04-09-2008,1405.844
05-09-2008,1369.44
06-09-2008,1177.626
07-09-2008,1073.273
08-09-2008,1368.883
09-09-2008,1385.615
10-09-2008,1416.681
11-09-2008,1406.622
12-09-2008,1409.787
13-09-2008,1177.786
14-09-2008,1055.011
15-09-2008,1395.105
16-09-2008,1426.671
17-09-2008,1429.348
18-09-2008,1425.22
19-09-2008,1396.562
20-09-2008,1182.659
21-09-2008,1098.646
22-09-2008,1432.421
23-09-2008,1471.072
24-09-2008,1451.046
25-09-2008,1455.36
26-09-2008,1404.2
27-09-2008,1182.677
28-09-2008,1092.82
29-09-2008,1415.974
30-09-2008,1486.405
01-10-2008,1519.184
02-10-2008,1475.456
03-10-2008,1145.489
04-10-2008,1166.78
05-10-2008,1170.868
06-10-2008,1425.122
07-10-2008,1441.127
08-10-2008,1438.879
09-10-2008,1440.893
10-10-2008,1414.967
11-10-2008,1217.037
12-10-2008,1105.859
13-10-2008,1426.102
14-10-2008,1453.235
15-10-2008,1472.339
16-10-2008,1503.075
17-10-2008,1467.77
18-10-2008,1228.575
19-10-2008,1146.579
20-10-2008,1446.064
21-10-2008,1494.947
22-10-2008,1491.166
23-10-2008,1479.125
24-10-2008,1457.668
25-10-2008,1232.862
26-10-2008,1188.091
27-10-2008,1471.108
28-10-2008,1502.589
29-10-2008,1501.806
30-10-2008,1501.929
31-10-2008,1408.747
01-11-2008,1181.148
02-11-2008,1126.57
03-11-2008,1438.222
04-11-2008,1460.009
05-11-2008,1470.287
06-11-2008,1473.127
07-11-2008,1448.528
08-11-2008,1244.168
09-11-2008,1183.714
10-11-2008,1519.742
11-11-2008,1521.103
12-11-2008,1503.844
13-11-2008,1489.027
14-11-2008,1485.666
15-11-2008,1286.46
16-11-2008,1202.267
17-11-2008,1466.185
18-11-2008,1533.402
19-11-2008,1557.775
20-11-2008,1587.9
21-11-2008,1495.77
22-11-2008,1306.652
23-11-2008,1211.173
24-11-2008,1499.246
25-11-2008,1532.641
26-11-2008,1553.878
27-11-2008,1545.397
28-11-2008,1484.277
29-11-2008,1268.967
30-11-2008,1178.042
01-12-2008,1491.789
02-12-2008,1538.111
03-12-2008,1541.102
04-12-2008,1535.108
05-12-2008,1474
06-12-2008,1254.08
07-12-2008,1167.657
08-12-2008,1486.874
09-12-2008,1517.789
10-12-2008,1513.498
11-12-2008,1512.489
12-12-2008,1469.565
13-12-2008,1292.95
14-12-2008,1182.781
15-12-2008,1447.775
16-12-2008,1469.645
17-12-2008,1466.277
18-12-2008,1424.95
19-12-2008,1361.965
20-12-2008,1258.028
21-12-2008,1129.423
22-12-2008,1299.522
23-12-2008,1226.172
24-12-2008,1086.798
25-12-2008,1002.092
26-12-2008,1006.087
27-12-2008,1097.525
28-12-2008,1047.014
29-12-2008,1198.295
30-12-2008,1199.765
31-12-2008,1117.617
01-01-2009,1018.975
02-01-2009,1161.911
03-01-2009,1178.078
04-01-2009,1130.021
05-01-2009,1333.041
06-01-2009,1340.896
07-01-2009,1472.995
08-01-2009,1454.562
09-01-2009,1453.077
10-01-2009,1280.255
11-01-2009,1228.367
12-01-2009,1537.377
13-01-2009,1538.894
14-01-2009,1515.169
15-01-2009,1480.042
16-01-2009,1458.938
17-01-2009,1264.181
18-01-2009,1210.11
19-01-2009,1485.709
20-01-2009,1476.079
21-01-2009,1461.161
22-01-2009,1482.797
23-01-2009,1486.699
24-01-2009,1243.165
25-01-2009,1121.128
26-01-2009,1415.942
27-01-2009,1464.606
28-01-2009,1453.836
29-01-2009,1439.424
30-01-2009,1403.57
31-01-2009,1238.919
01-02-2009,1235.619
02-02-2009,1532.456
03-02-2009,1510.231
04-02-2009,1503.451
05-02-2009,1496.134
06-02-2009,1438.485
07-02-2009,1249.533
08-02-2009,1170.835
09-02-2009,1465.422
10-02-2009,1521.007
11-02-2009,1532.091
12-02-2009,1487.231
13-02-2009,1451.942
14-02-2009,1257.399
15-02-2009,1188.094
16-02-2009,1467.767
17-02-2009,1494.171
18-02-2009,1493.244
19-02-2009,1468.157
20-02-2009,1431.137
21-02-2009,1222.47
22-02-2009,1164.115
23-02-2009,1361.949
24-02-2009,1369.316
25-02-2009,1403.307
26-02-2009,1469.486
27-02-2009,1405.005
28-02-2009,1190.291
01-03-2009,1098.937
02-03-2009,1413.017
03-03-2009,1427.385
04-03-2009,1423.119
05-03-2009,1432.391
06-03-2009,1401.981
07-03-2009,1190.84
08-03-2009,1114.724
09-03-2009,1410.659
10-03-2009,1442.865
11-03-2009,1411.512
12-03-2009,1421.815
13-03-2009,1337.766
14-03-2009,1118.664
15-03-2009,1067.434
16-03-2009,1330.62
17-03-2009,1403.564
18-03-2009,1367.561
19-03-2009,1355.794
20-03-2009,1302.11
21-03-2009,1125.085
22-03-2009,1130.425
23-03-2009,1437.337
24-03-2009,1420.783
25-03-2009,1409.995
26-03-2009,1387.61
27-03-2009,1326.001
28-03-2009,1150.563
29-03-2009,1049.947
30-03-2009,1332.565
31-03-2009,1342.825
01-04-2009,1324.322
02-04-2009,1300.695
03-04-2009,1234.903
04-04-2009,1057.054
05-04-2009,971.543
06-04-2009,1240.109
07-04-2009,1251.81
08-04-2009,1257.346
09-04-2009,1183.626
10-04-2009,922.425
11-04-2009,941.343
12-04-2009,842.395
13-04-2009,860.508
14-04-2009,1157.526
15-04-2009,1203.861
16-04-2009,1251.391
17-04-2009,1257.1
18-04-2009,1078.327
19-04-2009,944.848
20-04-2009,1232.893
21-04-2009,1260.746
22-04-2009,1276.489
23-04-2009,1280.617
24-04-2009,1230.096
25-04-2009,1054.01
26-04-2009,967.429
27-04-2009,1261.964
28-04-2009,1314.078
29-04-2009,1305.002
30-04-2009,1245.735
01-05-2009,910.081
02-05-2009,964.497
03-05-2009,934.002
04-05-2009,1257.193
05-05-2009,1324.692
06-05-2009,1368.857
07-05-2009,1279.065
08-05-2009,1265.691
09-05-2009,1047.747
10-05-2009,945.299
11-05-2009,1277.324
12-05-2009,1305.039
13-05-2009,1297.032
14-05-2009,1308.301
15-05-2009,1279.138
16-05-2009,1052.319
17-05-2009,952.148
18-05-2009,1237.623
19-05-2009,1241.564
20-05-2009,1216.551
21-05-2009,939.397
22-05-2009,1069.708
23-05-2009,986.871
24-05-2009,932.701
25-05-2009,1244.375
26-05-2009,1303.405
27-05-2009,1276.649
28-05-2009,1301.166
29-05-2009,1216.147
30-05-2009,989.289
31-05-2009,853.302
01-06-2009,862.577
02-06-2009,1201.522
03-06-2009,1259.555
04-06-2009,1267.093
05-06-2009,1230.255
06-06-2009,1068.386
07-06-2009,958.92
08-06-2009,1246.529
09-06-2009,1277.12
10-06-2009,1255.982
11-06-2009,1095.474
12-06-2009,1172.562
13-06-2009,1034.662
14-06-2009,931.702
15-06-2009,1263.042
16-06-2009,1264.813
17-06-2009,1247.367
18-06-2009,1279.025
19-06-2009,1257.991
20-06-2009,1032.422
21-06-2009,935.766
22-06-2009,1238.057
23-06-2009,1292.95
24-06-2009,1292.12
25-06-2009,1268.12
26-06-2009,1232.066
27-06-2009,1049.105
28-06-2009,944.52
29-06-2009,1246.344
30-06-2009,1287.658
01-07-2009,1293.127
02-07-2009,1289.24
03-07-2009,1265.667
04-07-2009,1038.845
05-07-2009,932.981
06-07-2009,1242.804
07-07-2009,1256.866
08-07-2009,1247.665
09-07-2009,1245.298
10-07-2009,1228.297
11-07-2009,1017.366
12-07-2009,939.9
13-07-2009,1214.356
14-07-2009,1258.647
15-07-2009,1262.809
16-07-2009,1239.984
17-07-2009,1228.551
18-07-2009,1032.839
19-07-2009,915.973
20-07-2009,1205.019
21-07-2009,1212.442
22-07-2009,1246.27
23-07-2009,1258.875
24-07-2009,1187.772
25-07-2009,1005.921
26-07-2009,890.208
27-07-2009,1178.529
28-07-2009,1197.376
29-07-2009,1196.711
30-07-2009,1217.832
31-07-2009,1151.822
01-08-2009,992.89
02-08-2009,934.065
03-08-2009,1183.942
04-08-2009,1186.975
05-08-2009,1187.343
06-08-2009,1203.712
07-08-2009,1185.31
08-08-2009,1028.781
09-08-2009,948.65
10-08-2009,1239.315
11-08-2009,1247.121
12-08-2009,1243.789
13-08-2009,1245.733
14-08-2009,1189.828
15-08-2009,1011.462
16-08-2009,943.434
17-08-2009,1231.747
18-08-2009,1252.744
19-08-2009,1261.043
20-08-2009,1287.016
21-08-2009,1257.76
22-08-2009,1036.386
23-08-2009,927.957
24-08-2009,1251.057
25-08-2009,1290.746
26-08-2009,1284.681
27-08-2009,1281.057
28-08-2009,1262.891
29-08-2009,1052.374
30-08-2009,949.777
31-08-2009,1239.968
01-09-2009,1324.961
02-09-2009,1325.802
03-09-2009,1345.627
04-09-2009,1317.175
05-09-2009,1120.168
06-09-2009,986.187
07-09-2009,1271.387
08-09-2009,1312.59
09-09-2009,1314.291
10-09-2009,1324.941
11-09-2009,1290.365
12-09-2009,1081.752
13-09-2009,1006.416
14-09-2009,1337.39
15-09-2009,1351.629
16-09-2009,1342.738
17-09-2009,1348.055
18-09-2009,1305.441
19-09-2009,1093.832
20-09-2009,997.675
21-09-2009,1304.28
22-09-2009,1337.094
23-09-2009,1344.884
24-09-2009,1335.881
25-09-2009,1289.55
26-09-2009,1080.103
27-09-2009,986.645
28-09-2009,1325.561
29-09-2009,1361.148
30-09-2009,1354.011
01-10-2009,1382.881
02-10-2009,1324.85
03-10-2009,1121.906
04-10-2009,1107.416
05-10-2009,1344.111
06-10-2009,1375.294
07-10-2009,1383.193
08-10-2009,1372.3
09-10-2009,1335.298
10-10-2009,1161.828
11-10-2009,1069.558
12-10-2009,1373.407
13-10-2009,1388.214
14-10-2009,1424.481
15-10-2009,1428.341
16-10-2009,1413.028
17-10-2009,1192.004
18-10-2009,1083.23
19-10-2009,1375.593
20-10-2009,1405.648
21-10-2009,1423.389
22-10-2009,1436.193
23-10-2009,1388.937
24-10-2009,1183.317
25-10-2009,1090.388
26-10-2009,1392.297
27-10-2009,1405.611
28-10-2009,1401.949
29-10-2009,1400.883
30-10-2009,1352.657
31-10-2009,1161.853
01-11-2009,1103.823
02-11-2009,1413.479
03-11-2009,1430.793
04-11-2009,1451.736
05-11-2009,1433.613
06-11-2009,1401.922
07-11-2009,1221.05
08-11-2009,1108.823
09-11-2009,1447.979
10-11-2009,1456.987
11-11-2009,1452.366
12-11-2009,1459.223
13-11-2009,1406.469
14-11-2009,1220.361
15-11-2009,1110.283
16-11-2009,1428.714
17-11-2009,1445.468
18-11-2009,1495.972
19-11-2009,1465.311
20-11-2009,1433.207
21-11-2009,1201.544
22-11-2009,1140.583
23-11-2009,1498.724
24-11-2009,1513.686
25-11-2009,1476.421
26-11-2009,1490.984
27-11-2009,1459.123
28-11-2009,1257.624
29-11-2009,1152.014
30-11-2009,1446.871
01-12-2009,1493.887
02-12-2009,1488.901
03-12-2009,1491.403
04-12-2009,1464.589
05-12-2009,1268.074
06-12-2009,1156.702
07-12-2009,1455.825
08-12-2009,1481.535
09-12-2009,1483.992
10-12-2009,1489.374
11-12-2009,1461.257
12-12-2009,1254.666
13-12-2009,1162.139
14-12-2009,1484.333
15-12-2009,1507.038
16-12-2009,1503.558
17-12-2009,1508.703
18-12-2009,1475.024
19-12-2009,1321.729
20-12-2009,1249.403
21-12-2009,1433.996
22-12-2009,1396.681
23-12-2009,1322.786
24-12-2009,1125.067
25-12-2009,1105.464
26-12-2009,1100.908
27-12-2009,1072.47
28-12-2009,1211.791
29-12-2009,1207.905
30-12-2009,1192.196
31-12-2009,1106.467
01-01-2010,1057.372
02-01-2010,1161.042
03-01-2010,1132.069
04-01-2010,1346.25
05-01-2010,1457.374
06-01-2010,1434.055
07-01-2010,1493.432
08-01-2010,1489.44
09-01-2010,1380.071
10-01-2010,1240.762
11-01-2010,1493.487
12-01-2010,1555.338
13-01-2010,1581.387
14-01-2010,1523.656
15-01-2010,1496.913
16-01-2010,1326.306
17-01-2010,1202.899
18-01-2010,1438.143
19-01-2010,1486.586
20-01-2010,1491.812
21-01-2010,1498.586
22-01-2010,1469.011
23-01-2010,1295.687
24-01-2010,1181.073
25-01-2010,1439.729
26-01-2010,1524.658
27-01-2010,1599.297
28-01-2010,1585.269
29-01-2010,1493.02
30-01-2010,1322.933
31-01-2010,1203.635
01-02-2010,1536.453
02-02-2010,1607.625
03-02-2010,1585.581
04-02-2010,1521.671
05-02-2010,1509.085
06-02-2010,1287.804
07-02-2010,1183.454
08-02-2010,1516.012
09-02-2010,1556.84
10-02-2010,1574.033
11-02-2010,1587.07
12-02-2010,1549.427
13-02-2010,1325.604
14-02-2010,1219.48
15-02-2010,1469.206
16-02-2010,1506.406
17-02-2010,1540.426
18-02-2010,1528.545
19-02-2010,1507.016
20-02-2010,1314.419
21-02-2010,1189.077
22-02-2010,1495.546
23-02-2010,1522.166
24-02-2010,1488.661
25-02-2010,1483.032
26-02-2010,1453.283
27-02-2010,1269.794
28-02-2010,1197.315
01-03-2010,1527.393
02-03-2010,1572.645
03-03-2010,1542.488
04-03-2010,1548.184
05-03-2010,1509.53
06-03-2010,1310.888
07-03-2010,1216.408
08-03-2010,1535.176
09-03-2010,1566.804
10-03-2010,1548.419
11-03-2010,1580.812
12-03-2010,1502.92
13-03-2010,1258.107
14-03-2010,1154.161
15-03-2010,1469.79
16-03-2010,1496.719
17-03-2010,1462.767
18-03-2010,1422.068
19-03-2010,1366.92
20-03-2010,1174.017
21-03-2010,1069.442
22-03-2010,1395.422
23-03-2010,1382.854
24-03-2010,1364.189
25-03-2010,1366.607
26-03-2010,1346.088
27-03-2010,1135.454
28-03-2010,1046.216
29-03-2010,1351.473
30-03-2010,1329.161
31-03-2010,1346.7
01-04-2010,1400.846
02-04-2010,1062.765
03-04-2010,1095.721
04-04-2010,1003.789
05-04-2010,1027.339
06-04-2010,1314.056
07-04-2010,1341.659
08-04-2010,1371.16
09-04-2010,1363.007
10-04-2010,1162.222
11-04-2010,1093.656
12-04-2010,1405.802
13-04-2010,1407.375
14-04-2010,1411.028
15-04-2010,1395.721
16-04-2010,1369.764
17-04-2010,1130.565
18-04-2010,1022.696
19-04-2010,1314.785
20-04-2010,1357.79
21-04-2010,1392.549
22-04-2010,1348.732
23-04-2010,1293.38
24-04-2010,1085.058
25-04-2010,1005.093
26-04-2010,1347.326
27-04-2010,1344.457
28-04-2010,1326.288
29-04-2010,1322.962
30-04-2010,1327.573
01-05-2010,1003.133
02-05-2010,1025.534
03-05-2010,1357.76
04-05-2010,1380.307
05-05-2010,1377.111
06-05-2010,1457.839
07-05-2010,1378.971
08-05-2010,1143.806
09-05-2010,1038.169
10-05-2010,1368.266
11-05-2010,1381.515
12-05-2010,1388.153
13-05-2010,1075.688
14-05-2010,1235.5
15-05-2010,1166.953
16-05-2010,1081.379
17-05-2010,1349.053
18-05-2010,1389.235
19-05-2010,1419.685
20-05-2010,1387.039
21-05-2010,1317.83
22-05-2010,1076.471
23-05-2010,944.937
24-05-2010,972.08
25-05-2010,1300.642
26-05-2010,1354.294
27-05-2010,1350.656
28-05-2010,1308.454
29-05-2010,1093.815
30-05-2010,1034.115
31-05-2010,1350.434
01-06-2010,1337.078
02-06-2010,1343.587
03-06-2010,1139.352
04-06-2010,1193.694
05-06-2010,1060.277
06-06-2010,999.883
07-06-2010,1330.382
08-06-2010,1340.937
09-06-2010,1353.64
10-06-2010,1369.273
11-06-2010,1359.522
12-06-2010,1138.5
13-06-2010,1023.968
14-06-2010,1295.099
15-06-2010,1310.23
16-06-2010,1320.143
17-06-2010,1342.281
18-06-2010,1310.582
19-06-2010,1125.19
20-06-2010,1023.359
21-06-2010,1310.216
22-06-2010,1319.276
23-06-2010,1307.482
24-06-2010,1316.54
25-06-2010,1308.492
26-06-2010,1104.93
27-06-2010,1005.694
28-06-2010,1327.922
29-06-2010,1361.925
30-06-2010,1358.699
01-07-2010,1363.287
02-07-2010,1357.976
03-07-2010,1148.143
04-07-2010,1051.176
05-07-2010,1343.797
06-07-2010,1350.172
07-07-2010,1329.224
08-07-2010,1353.055
09-07-2010,1359.894
10-07-2010,1154.16
11-07-2010,1072.726
12-07-2010,1378.439
13-07-2010,1370.114
14-07-2010,1385.916
15-07-2010,1369.997
16-07-2010,1317.36
17-07-2010,1120.184
18-07-2010,978.316
19-07-2010,1286.726
20-07-2010,1334.034
21-07-2010,1356.766
22-07-2010,1367.158
23-07-2010,1316.842
24-07-2010,1139.112
25-07-2010,1004.892
26-07-2010,1293.006
27-07-2010,1302.398
28-07-2010,1326.523
29-07-2010,1310.573
30-07-2010,1254.666
31-07-2010,1070.859
01-08-2010,985.373
02-08-2010,1273.612
03-08-2010,1276.331
04-08-2010,1279.071
05-08-2010,1286.819
06-08-2010,1271.639
07-08-2010,1073.063
08-08-2010,1008.784
09-08-2010,1279.168
10-08-2010,1298.341
11-08-2010,1322.18
12-08-2010,1323.868
13-08-2010,1278.425
14-08-2010,1097.85
15-08-2010,1032.592
16-08-2010,1314.507
17-08-2010,1365.176
18-08-2010,1362.255
19-08-2010,1324.15
20-08-2010,1299.964
21-08-2010,1113.113
22-08-2010,1050.307
23-08-2010,1383.504
24-08-2010,1380.643
25-08-2010,1364.467
26-08-2010,1360.084
27-08-2010,1360.238
28-08-2010,1134.577
29-08-2010,1051.797
30-08-2010,1328.642
31-08-2010,1340.262
01-09-2010,1361.163
02-09-2010,1362.512
03-09-2010,1352.272
04-09-2010,1146.773
05-09-2010,1037.348
06-09-2010,1326.903
07-09-2010,1415.65
08-09-2010,1446.078
09-09-2010,1418.822
10-09-2010,1372.188
11-09-2010,1138.029
12-09-2010,1060.951
13-09-2010,1382.423
14-09-2010,1426.966
15-09-2010,1440.877
16-09-2010,1426.917
17-09-2010,1393.312
18-09-2010,1188.621
19-09-2010,1059.551
20-09-2010,1373.955
21-09-2010,1404.236
22-09-2010,1396.958
23-09-2010,1394.067
24-09-2010,1383.504
25-09-2010,1173.425
26-09-2010,1077.891
27-09-2010,1441.433
28-09-2010,1475.471
29-09-2010,1419.43
30-09-2010,1422.38
01-10-2010,1400.481
02-10-2010,1207.986
03-10-2010,1087.575
04-10-2010,1387.41
05-10-2010,1422.973
06-10-2010,1412.552
07-10-2010,1420.114
08-10-2010,1412.619
09-10-2010,1185.625
10-10-2010,1072.749
11-10-2010,1376.504
12-10-2010,1421.409
13-10-2010,1431.431
14-10-2010,1446.613
15-10-2010,1431.414
16-10-2010,1238.037
17-10-2010,1136.901
18-10-2010,1424.016
19-10-2010,1470.059
20-10-2010,1493.732
21-10-2010,1512.96
22-10-2010,1484.337
23-10-2010,1250.925
24-10-2010,1212.523
25-10-2010,1460.396
26-10-2010,1475.015
27-10-2010,1480.974
28-10-2010,1471.12
29-10-2010,1434.233
30-10-2010,1235.68
31-10-2010,1118.753
01-11-2010,1213.349
02-11-2010,1460.858
03-11-2010,1482.434
04-11-2010,1513.322
05-11-2010,1498.494
06-11-2010,1255.457
07-11-2010,1151.835
08-11-2010,1460.779
09-11-2010,1490.641
10-11-2010,1499.223
11-11-2010,1504.188
12-11-2010,1520.523
13-11-2010,1256.934
14-11-2010,1133.64
15-11-2010,1454.903
16-11-2010,1522.929
17-11-2010,1520.737
18-11-2010,1524.217
19-11-2010,1496.896
20-11-2010,1290.092
21-11-2010,1172.968
22-11-2010,1530.921
23-11-2010,1594.259
24-11-2010,1582.969
25-11-2010,1571.194
26-11-2010,1549.409
27-11-2010,1351.143
28-11-2010,1262.721
29-11-2010,1616.449
30-11-2010,1622.161
01-12-2010,1709.568
02-12-2010,1664.896
03-12-2010,1632.359
04-12-2010,1434.737
05-12-2010,1329.448
06-12-2010,1576.333
07-12-2010,1605.18
08-12-2010,1610.804
09-12-2010,1625.65
10-12-2010,1594.237
11-12-2010,1445.663
12-12-2010,1283.285
13-12-2010,1576.131
14-12-2010,1645.804
15-12-2010,1644.222
16-12-2010,1652.187
17-12-2010,1571.711
18-12-2010,1392.611
19-12-2010,1267.556
20-12-2010,1538.837
21-12-2010,1537.312
22-12-2010,1487.529
23-12-2010,1416.185
24-12-2010,1215.323
25-12-2010,1145.555
26-12-2010,1149.256
27-12-2010,1339.74
28-12-2010,1357.764
29-12-2010,1357.192
30-12-2010,1332.367
31-12-2010,1199.812
01-01-2011,1080.314
02-01-2011,1104.799
03-01-2011,1422.242
04-01-2011,1482.161
05-01-2011,1489.005
06-01-2011,1387.512
07-01-2011,1404.173
08-01-2011,1248.835
09-01-2011,1161.691
10-01-2011,1495.649
11-01-2011,1530.622
12-01-2011,1536.61
13-01-2011,1528.005
14-01-2011,1489.536
15-01-2011,1269.807
16-01-2011,1158.68
17-01-2011,1482.824
18-01-2011,1520.566
19-01-2011,1538.906
20-01-2011,1559.147
21-01-2011,1544.487
22-01-2011,1338.866
23-01-2011,1207.908
24-01-2011,1530.659
25-01-2011,1562.18
26-01-2011,1568.568
27-01-2011,1571.236
28-01-2011,1553.966
29-01-2011,1354.328
30-01-2011,1228.002
31-01-2011,1553.724
01-02-2011,1607.306
02-02-2011,1599.595
03-02-2011,1572.52
04-02-2011,1532.522
05-02-2011,1298.435
06-02-2011,1173.3
07-02-2011,1472.621
08-02-2011,1505.453
09-02-2011,1523.607
10-02-2011,1518.262
11-02-2011,1466.917
12-02-2011,1254.182
13-02-2011,1143.461
14-02-2011,1459.736
15-02-2011,1505.231
16-02-2011,1487.208
17-02-2011,1503.79
18-02-2011,1506.451
19-02-2011,1278.38
20-02-2011,1174.911
21-02-2011,1517.787
22-02-2011,1557.384
23-02-2011,1573.469
24-02-2011,1557.491
25-02-2011,1512.316
26-02-2011,1280.418
27-02-2011,1160.09
28-02-2011,1471.11
01-03-2011,1489.261
02-03-2011,1499.328
03-03-2011,1495.256
04-03-2011,1470.026
05-03-2011,1263.706
06-03-2011,1141.524
07-03-2011,1412.353
08-03-2011,1448.185
09-03-2011,1479.812
10-03-2011,1465.654
11-03-2011,1429.635
12-03-2011,1207.971
13-03-2011,1089.81
14-03-2011,1408.525
15-03-2011,1404.983
16-03-2011,1437.534
17-03-2011,1466.414
18-03-2011,1441.319
19-03-2011,1186.426
20-03-2011,1092.594
21-03-2011,1418.354
22-03-2011,1441.497
23-03-2011,1437.463
24-03-2011,1425.321
25-03-2011,1402.984
26-03-2011,1197.815
27-03-2011,1065.539
28-03-2011,1399.327
29-03-2011,1414.582
30-03-2011,1411.898
31-03-2011,1431.579
01-04-2011,1396.482
02-04-2011,1146.676
03-04-2011,1060.371
04-04-2011,1416.563
05-04-2011,1431.696
06-04-2011,1427.643
07-04-2011,1458.444
08-04-2011,1430.029
09-04-2011,1187.092
10-04-2011,1082.334
11-04-2011,1410.998
12-04-2011,1466.407
13-04-2011,1473.387
14-04-2011,1464.788
15-04-2011,1429.578
16-04-2011,1209.07
17-04-2011,1079.892
18-04-2011,1407.477
19-04-2011,1425.741
20-04-2011,1417.891
21-04-2011,1378.554
22-04-2011,1066.316
23-04-2011,1090.041
24-04-2011,964.829
25-04-2011,1000.534
26-04-2011,1361.462
27-04-2011,1415.022
28-04-2011,1405.124
29-04-2011,1380.972
30-04-2011,1136.556
01-05-2011,971.752
02-05-2011,1371.201
03-05-2011,1420.217
04-05-2011,1431.142
05-05-2011,1424.536
06-05-2011,1385.438
07-05-2011,1176.578
08-05-2011,1055.016
09-05-2011,1395.54
10-05-2011,1421.322
11-05-2011,1418.886
12-05-2011,1415.283
13-05-2011,1382.053
14-05-2011,1170.63
15-05-2011,1033.263
16-05-2011,1367.012
17-05-2011,1393.951
18-05-2011,1406.908
19-05-2011,1417.387
20-05-2011,1390.054
21-05-2011,1167.279
22-05-2011,1055.781
23-05-2011,1372.984
24-05-2011,1406.008
25-05-2011,1396.676
26-05-2011,1417.049
27-05-2011,1393.554
28-05-2011,1159.803
29-05-2011,1043.107
30-05-2011,1383.248
31-05-2011,1416.199
01-06-2011,1352.278
02-06-2011,1044.364
03-06-2011,1210.604
04-06-2011,1117.677
05-06-2011,1032.762
06-06-2011,1377.524
07-06-2011,1408.77
08-06-2011,1395.61
09-06-2011,1399.686
10-06-2011,1357.049
11-06-2011,1126.835
12-06-2011,946.096
13-06-2011,995.46
14-06-2011,1363.213
15-06-2011,1400.402
16-06-2011,1406.481
17-06-2011,1364.349
18-06-2011,1148.773
19-06-2011,1026.796
20-06-2011,1340.264
21-06-2011,1386.096
22-06-2011,1373.855
23-06-2011,1131.391
24-06-2011,1253.125
25-06-2011,1129.227
26-06-2011,1026.129
27-06-2011,1361.952
28-06-2011,1383.681
29-06-2011,1400.54
30-06-2011,1367.841
01-07-2011,1331.41
02-07-2011,1108.551
03-07-2011,1014.854
04-07-2011,1358.545
05-07-2011,1390.187
06-07-2011,1391.762
07-07-2011,1395.315
08-07-2011,1358.948
09-07-2011,1141.552
10-07-2011,1023.542
11-07-2011,1354.459
12-07-2011,1401.985
13-07-2011,1400.376
14-07-2011,1359.981
15-07-2011,1323.392
16-07-2011,1115.463
17-07-2011,1009.417
18-07-2011,1318.246
19-07-2011,1350.734
20-07-2011,1352.434
21-07-2011,1338.309
22-07-2011,1307.515
23-07-2011,1092.609
24-07-2011,993.35
25-07-2011,1281.888
26-07-2011,1297.921
27-07-2011,1317.598
28-07-2011,1305.673
29-07-2011,1267.569
30-07-2011,1054.086
31-07-2011,954.143
01-08-2011,1259.474
02-08-2011,1293.695
03-08-2011,1298.464
04-08-2011,1296.757
05-08-2011,1277.144
06-08-2011,1113.54
07-08-2011,991.488
08-08-2011,1250.463
09-08-2011,1253.656
10-08-2011,1260.973
11-08-2011,1255.518
12-08-2011,1264.989
13-08-2011,1066.972
14-08-2011,979.297
15-08-2011,1218.898
16-08-2011,1281.479
17-08-2011,1296.609
18-08-2011,1311.168
19-08-2011,1287.353
20-08-2011,1070.705
21-08-2011,982.011
22-08-2011,1326.117
23-08-2011,1359.208
24-08-2011,1353.052
25-08-2011,1350.649
26-08-2011,1350.721
27-08-2011,1097.461
28-08-2011,983.708
29-08-2011,1306.122
30-08-2011,1324.197
31-08-2011,1343.465
01-09-2011,1364.571
02-09-2011,1354.447
03-09-2011,1152.872
04-09-2011,1057.882
05-09-2011,1373.96
06-09-2011,1379.099
07-09-2011,1376.702
08-09-2011,1381.408
09-09-2011,1379.194
10-09-2011,1147.994
11-09-2011,1042.874
12-09-2011,1367.281
13-09-2011,1388.066
14-09-2011,1376.68
15-09-2011,1375.75
16-09-2011,1360.534
17-09-2011,1144.622
18-09-2011,1036.406
19-09-2011,1357.303
20-09-2011,1383.449
21-09-2011,1377.459
22-09-2011,1379.248
23-09-2011,1353.942
24-09-2011,1131.997
25-09-2011,1039.603
26-09-2011,1370.917
27-09-2011,1399.823
28-09-2011,1395.705
29-09-2011,1402.594
30-09-2011,1368.823
01-10-2011,1164.573
02-10-2011,1039.455
03-10-2011,1061.849
04-10-2011,1389.196
05-10-2011,1423.514
06-10-2011,1437.352
07-10-2011,1406.627
08-10-2011,1184.899
09-10-2011,1070.484
10-10-2011,1417.704
11-10-2011,1433.538
12-10-2011,1437.389
13-10-2011,1431.205
14-10-2011,1409.235
15-10-2011,1196.039
16-10-2011,1080.772
17-10-2011,1432.886
18-10-2011,1462.545
19-10-2011,1462.723
20-10-2011,1465.479
21-10-2011,1447.614
22-10-2011,1220.753
23-10-2011,1096.752
24-10-2011,1432.816
25-10-2011,1454.961
26-10-2011,1462.579
27-10-2011,1456.567
28-10-2011,1426.774
29-10-2011,1197.73
30-10-2011,1083.878
31-10-2011,1273.574
01-11-2011,1216.177
02-11-2011,1441.74
03-11-2011,1464.221
04-11-2011,1437.942
05-11-2011,1219.767
06-11-2011,1100.276
07-11-2011,1442.192
08-11-2011,1489.599
09-11-2011,1481.952
10-11-2011,1488.715
11-11-2011,1464.244
12-11-2011,1242.931
13-11-2011,1138.125
14-11-2011,1490.052
15-11-2011,1541.901
16-11-2011,1534.039
17-11-2011,1540.679
18-11-2011,1509.202
19-11-2011,1266.468
20-11-2011,1137.805
21-11-2011,1496.654
22-11-2011,1540.564
23-11-2011,1557.65
24-11-2011,1549.322
25-11-2011,1524.047
26-11-2011,1280.691
27-11-2011,1159.414
28-11-2011,1501.093
29-11-2011,1543.25
30-11-2011,1533.63
01-12-2011,1528.032
02-12-2011,1483.922
03-12-2011,1275.396
04-12-2011,1144.172
05-12-2011,1487.929
06-12-2011,1559.132
07-12-2011,1569.945
08-12-2011,1546.424
09-12-2011,1509.629
10-12-2011,1270.216
11-12-2011,1145.702
12-12-2011,1501.819
13-12-2011,1557.446
14-12-2011,1531.311
15-12-2011,1527.552
16-12-2011,1505.59
17-12-2011,1281.529
18-12-2011,1183.141
19-12-2011,1503.744
20-12-2011,1513.241
21-12-2011,1485.166
22-12-2011,1422.471
23-12-2011,1309.173
24-12-2011,1080.905
25-12-2011,1011.431
26-12-2011,1010.596
27-12-2011,1206.98
28-12-2011,1216.645
29-12-2011,1226.888
30-12-2011,1199.866
31-12-2011,1077.625
01-01-2012,948.128
02-01-2012,1269.581
03-01-2012,1334.745
04-01-2012,1347.136
05-01-2012,1376.658
06-01-2012,1291.215
07-01-2012,1175.688
08-01-2012,1103.383
09-01-2012,1443.371
10-01-2012,1434.631
11-01-2012,1449.768
12-01-2012,1442.448
13-01-2012,1403.402
14-01-2012,1203.165
15-01-2012,1150.92
16-01-2012,1487.782
17-01-2012,1518.074
18-01-2012,1498.809
19-01-2012,1470.066
20-01-2012,1448.554
21-01-2012,1242.307
22-01-2012,1120.283
23-01-2012,1454.47
24-01-2012,1493.954
25-01-2012,1498.37
26-01-2012,1483.586
27-01-2012,1458.967
28-01-2012,1256.093
29-01-2012,1149.243
30-01-2012,1454.17
31-01-2012,1485.711
01-02-2012,1511.866
02-02-2012,1563.407
03-02-2012,1563.631
04-02-2012,1372.614
05-02-2012,1279.432
06-02-2012,1574.766
07-02-2012,1615.078
08-02-2012,1613.774
09-02-2012,1591.532
10-02-2012,1581.287
11-02-2012,1377.404
12-02-2012,1264.254
13-02-2012,1561.987
14-02-2012,1550.366
15-02-2012,1476.037
16-02-2012,1504.119
17-02-2012,1438.857
18-02-2012,1236.069
19-02-2012,1107.431
20-02-2012,1401.873
21-02-2012,1434.533
22-02-2012,1453.507
23-02-2012,1427.402
24-02-2012,1373.8
25-02-2012,1133.184
26-02-2012,1086.743
27-02-2012,1436.095
28-02-2012,1408.211
29-02-2012,1434.062
01-03-2012,1411.553
02-03-2012,1402.006
03-03-2012,1186.275
04-03-2012,1072.078
05-03-2012,1388.816
06-03-2012,1433.166
07-03-2012,1455.451
08-03-2012,1412.181
09-03-2012,1399.515
10-03-2012,1153.172
11-03-2012,1042.487
12-03-2012,1347.463
13-03-2012,1391.174
14-03-2012,1403.836
15-03-2012,1411.75
16-03-2012,1365.107
17-03-2012,1156.49
18-03-2012,1062.459
19-03-2012,1323.263
20-03-2012,1377.97
21-03-2012,1382.409
22-03-2012,1390.429
23-03-2012,1359.065
24-03-2012,1150.784
25-03-2012,1026.274
26-03-2012,1330.815
27-03-2012,1337.854
28-03-2012,1310.033
29-03-2012,1290.457
30-03-2012,1277.08
31-03-2012,1085.784
01-04-2012,1115.065
02-04-2012,1370.145
03-04-2012,1340.124
04-04-2012,1391.355
05-04-2012,1356.529
06-04-2012,1095.619
07-04-2012,1048.47
08-04-2012,927.223
09-04-2012,1030.772
10-04-2012,1349.738
11-04-2012,1398.856
12-04-2012,1288.302
13-04-2012,1292.923
14-04-2012,1222.985
15-04-2012,1166.63
16-04-2012,1419.061
17-04-2012,1414.206
18-04-2012,1440.052
19-04-2012,1418.122
20-04-2012,1393.302
21-04-2012,1214.49
22-04-2012,1063.047
23-04-2012,1310.91
24-04-2012,1320.723
25-04-2012,1361.395
26-04-2012,1427.093
27-04-2012,1400.451
28-04-2012,1176.568
29-04-2012,1029.079
30-04-2012,1149.575
01-05-2012,987.135
02-05-2012,1342.821
03-05-2012,1388.235
04-05-2012,1358.086
05-05-2012,1131.952
06-05-2012,1044.236
07-05-2012,1359.119
08-05-2012,1354.063
09-05-2012,1375.723
10-05-2012,1377.249
11-05-2012,1339.914
12-05-2012,1086.144
13-05-2012,1026.929
14-05-2012,1334.738
15-05-2012,1371.732
16-05-2012,1331.02
17-05-2012,1026.276
18-05-2012,1172.391
19-05-2012,1093.637
20-05-2012,1020.247
21-05-2012,1327.358
22-05-2012,1377.557
23-05-2012,1389.264
24-05-2012,1369.164
25-05-2012,1333.026
26-05-2012,1112.973
27-05-2012,960.155
28-05-2012,988.853
29-05-2012,1308.959
30-05-2012,1360.133
31-05-2012,1371.961
01-06-2012,1245.228
02-06-2012,1050.443
03-06-2012,1004.252
04-06-2012,1309.374
05-06-2012,1297.404
06-06-2012,1315.237
07-06-2012,1112.364
08-06-2012,1183.864
09-06-2012,1051.796
10-06-2012,984.376
11-06-2012,1326.483
12-06-2012,1343.234
13-06-2012,1326.28
14-06-2012,1336.51
15-06-2012,1319.754
16-06-2012,1104.877
17-06-2012,978.189
18-06-2012,1295.526
19-06-2012,1359.305
20-06-2012,1361.987
21-06-2012,1367.348
22-06-2012,1288.989
23-06-2012,1074.347
24-06-2012,966.313
25-06-2012,1239.681
26-06-2012,1280.592
27-06-2012,1355.332
28-06-2012,1352.232
29-06-2012,1328.236
30-06-2012,1109.917
01-07-2012,980.695
02-07-2012,1305.601
03-07-2012,1351.059
04-07-2012,1357.488
05-07-2012,1358.012
06-07-2012,1320.339
07-07-2012,1088.072
08-07-2012,979.263
09-07-2012,1277.879
10-07-2012,1335.8
11-07-2012,1308.424
12-07-2012,1270.422
13-07-2012,1279.65
14-07-2012,1044.088
15-07-2012,963.849
16-07-2012,1244.002
17-07-2012,1283.296
18-07-2012,1311.236
19-07-2012,1260.459
20-07-2012,1254.104
21-07-2012,1036.902
22-07-2012,955.195
23-07-2012,1264.464
24-07-2012,1298.041
25-07-2012,1315.315
26-07-2012,1324.677
27-07-2012,1315.591
28-07-2012,1068.831
29-07-2012,946.804
30-07-2012,1226.413
31-07-2012,1275.594
01-08-2012,1281.36
02-08-2012,1273.384
03-08-2012,1252.979
04-08-2012,1052.731
05-08-2012,970.34
06-08-2012,1218.308
07-08-2012,1195.361
08-08-2012,1232.55
09-08-2012,1251.813
10-08-2012,1220.577
11-08-2012,1027.19
12-08-2012,949.652
13-08-2012,1234.586
14-08-2012,1269.779
15-08-2012,1255.451
16-08-2012,1287.796
17-08-2012,1266.992
18-08-2012,1070.076
19-08-2012,992.062
20-08-2012,1322.886
21-08-2012,1367.368
22-08-2012,1314.675
23-08-2012,1314.028
24-08-2012,1306.214
25-08-2012,1072.07
26-08-2012,927.762
27-08-2012,1264.911
28-08-2012,1309.94
29-08-2012,1330.271
30-08-2012,1323.241
31-08-2012,1306.101
01-09-2012,1103.823
02-09-2012,1020.169
03-09-2012,1345.341
04-09-2012,1370.644
05-09-2012,1361.157
06-09-2012,1350.542
07-09-2012,1310.044
08-09-2012,1109.45
09-09-2012,1011.163
10-09-2012,1351.87
11-09-2012,1380.72
12-09-2012,1367.123
13-09-2012,1366.306
14-09-2012,1294.812
15-09-2012,1089.12
16-09-2012,1010.707
17-09-2012,1353.3
18-09-2012,1376.469
19-09-2012,1354.591
20-09-2012,1368.341
21-09-2012,1341.184
22-09-2012,1079.106
23-09-2012,1031.124
24-09-2012,1336.021
25-09-2012,1361.29
26-09-2012,1383.048
27-09-2012,1349.666
28-09-2012,1330.229
29-09-2012,1104.096
30-09-2012,1011.473
01-10-2012,1336.346
02-10-2012,1341.518
03-10-2012,1050.358
04-10-2012,1295.24
05-10-2012,1301.788
06-10-2012,1113.446
07-10-2012,1027.417
08-10-2012,1375.652
09-10-2012,1361.404
10-10-2012,1384.403
11-10-2012,1397.344
12-10-2012,1372.991
13-10-2012,1121.499
14-10-2012,1047.719
15-10-2012,1380.24
16-10-2012,1413.963
17-10-2012,1388.308
18-10-2012,1381.724
19-10-2012,1375.547
20-10-2012,1168.811
21-10-2012,1060.869
22-10-2012,1405.445
23-10-2012,1441.192
24-10-2012,1448.872
25-10-2012,1403.636
26-10-2012,1404.185
27-10-2012,1164.625
28-10-2012,1099.838
29-10-2012,1424.552
30-10-2012,1435.027
31-10-2012,1355.282
01-11-2012,1203.44
02-11-2012,1279.542
03-11-2012,1159.109
04-11-2012,1083.503
05-11-2012,1395.877
06-11-2012,1413.766
07-11-2012,1396.033
08-11-2012,1433.24
09-11-2012,1440.597
10-11-2012,1199.434
11-11-2012,1092.889
12-11-2012,1438.307
13-11-2012,1473.801
14-11-2012,1476.42
15-11-2012,1502.454
16-11-2012,1477.412
17-11-2012,1222.197
18-11-2012,1129.849
19-11-2012,1455.709
20-11-2012,1489.107
21-11-2012,1470.526
22-11-2012,1459.517
23-11-2012,1437.137
24-11-2012,1231.409
25-11-2012,1079.007
26-11-2012,1428.538
27-11-2012,1485.639
28-11-2012,1497.182
29-11-2012,1451.572
30-11-2012,1451.958
01-12-2012,1243.897
02-12-2012,1151.585
03-12-2012,1484.956
04-12-2012,1469.941
05-12-2012,1507.404
06-12-2012,1502.183
07-12-2012,1519.663
08-12-2012,1301.548
09-12-2012,1156.396
10-12-2012,1515.692
11-12-2012,1520.748
12-12-2012,1566.704
13-12-2012,1554.672
14-12-2012,1468.353
15-12-2012,1220.238
16-12-2012,1132.311
17-12-2012,1441.662
18-12-2012,1460.691
19-12-2012,1441.022
20-12-2012,1380.22
21-12-2012,1317.366
22-12-2012,1136.842
23-12-2012,1031.437
24-12-2012,990.706
25-12-2012,899.827
26-12-2012,909.618
27-12-2012,1068.617
28-12-2012,1109.424
29-12-2012,1014.55
30-12-2012,936.786
31-12-2012,969.81
01-01-2013,906.91
02-01-2013,1160.174
03-01-2013,1199.565
04-01-2013,1198.952
05-01-2013,1108.271
06-01-2013,1035.316
07-01-2013,1364.084
08-01-2013,1397.75
09-01-2013,1408.435
10-01-2013,1388.447
11-01-2013,1390.838
12-01-2013,1192.418
13-01-2013,1112.38
14-01-2013,1441.257
15-01-2013,1476.054
16-01-2013,1480.289
17-01-2013,1471.693
18-01-2013,1451.346
19-01-2013,1236.529
20-01-2013,1162.583
21-01-2013,1437.83
22-01-2013,1485.679
23-01-2013,1504.134
24-01-2013,1510.717
25-01-2013,1492.223
26-01-2013,1246.039
27-01-2013,1140.584
28-01-2013,1410.84
29-01-2013,1411.595
30-01-2013,1377.521
31-01-2013,1356.59
01-02-2013,1379.097
02-02-2013,1188.274
03-02-2013,1109.639
04-02-2013,1376.753
05-02-2013,1400.332
06-02-2013,1451.449
07-02-2013,1457.147
08-02-2013,1433.098
09-02-2013,1227.672
10-02-2013,1130.246
11-02-2013,1376.736
12-02-2013,1439.26
13-02-2013,1480.401
14-02-2013,1481.417
15-02-2013,1448.322
16-02-2013,1216.025
17-02-2013,1127.834
18-02-2013,1406.563
19-02-2013,1399.59
20-02-2013,1416.314
21-02-2013,1454.188
22-02-2013,1416.7
23-02-2013,1216.535
24-02-2013,1126.914
25-02-2013,1420.191
26-02-2013,1450.488
27-02-2013,1461.837
28-02-2013,1421.426
01-03-2013,1372.02
02-03-2013,1143.686
03-03-2013,1062.452
04-03-2013,1364.964
05-03-2013,1359.027
06-03-2013,1365.104
07-03-2013,1359.518
08-03-2013,1343.251
09-03-2013,1160.281
10-03-2013,1070.617
11-03-2013,1394.744
12-03-2013,1428.073
13-03-2013,1425.143
14-03-2013,1420.149
15-03-2013,1406.081
16-03-2013,1192.547
17-03-2013,1048.639
18-03-2013,1336.399
19-03-2013,1391.853
20-03-2013,1411.346
21-03-2013,1407.382
22-03-2013,1383.17
23-03-2013,1200.663
24-03-2013,1105.345
25-03-2013,1340.939
26-03-2013,1357.46
27-03-2013,1360.931
28-03-2013,1343.532
29-03-2013,1080.715
30-03-2013,1092.932
31-03-2013,1002.856
01-04-2013,1034.891
02-04-2013,1345.605
03-04-2013,1392.167
04-04-2013,1413.628
05-04-2013,1407.873
06-04-2013,1189.98
07-04-2013,1065.085
08-04-2013,1361.105
09-04-2013,1376.079
10-04-2013,1386.803
11-04-2013,1370.114
12-04-2013,1330.657
13-04-2013,1099.128
14-04-2013,1026.336
15-04-2013,1295.701
16-04-2013,1347.112
17-04-2013,1352.204
18-04-2013,1319.849
19-04-2013,1300.419
20-04-2013,1105.738
21-04-2013,1008.826
22-04-2013,1312.209
23-04-2013,1305.94
24-04-2013,1330.709
25-04-2013,1338.207
26-04-2013,1309.994
27-04-2013,1106.43
28-04-2013,1021.551
29-04-2013,1299.276
30-04-2013,1317.183
01-05-2013,1004.86
02-05-2013,1280.019
03-05-2013,1296.473
04-05-2013,1106.577
05-05-2013,1005.52
06-05-2013,1299.818
07-05-2013,1333.693
08-05-2013,1326.54
09-05-2013,1029.826
10-05-2013,1183.877
11-05-2013,1094.466
12-05-2013,999.825
13-05-2013,1294.342
14-05-2013,1312.383
15-05-2013,1300.191
16-05-2013,1305.024
17-05-2013,1284.766
18-05-2013,1078.711
19-05-2013,939.305
20-05-2013,952.727
21-05-2013,1278.721
22-05-2013,1303.334
23-05-2013,1326.926
24-05-2013,1297.862
25-05-2013,1076.837
26-05-2013,1018.874
27-05-2013,1312.264
28-05-2013,1305.03
29-05-2013,1314.747
30-05-2013,1098.099
31-05-2013,1194.177
01-06-2013,1031.124
02-06-2013,902.859
03-06-2013,1214.141
04-06-2013,1265.2
05-06-2013,1277.493
06-06-2013,1274.375
07-06-2013,1262.887
08-06-2013,1065.044
09-06-2013,971.738
10-06-2013,1258.977
11-06-2013,1287.7
12-06-2013,1298.307
13-06-2013,1289.905
14-06-2013,1235.415
15-06-2013,1045.69
16-06-2013,947.157
17-06-2013,1296.348
18-06-2013,1328.223
19-06-2013,1332.107
20-06-2013,1323.408
21-06-2013,1241.676
22-06-2013,1065.222
23-06-2013,959.418
24-06-2013,1263.825
25-06-2013,1255.952
26-06-2013,1237.281
27-06-2013,1280.278
28-06-2013,1264.697
29-06-2013,1037.834
30-06-2013,945.689
01-07-2013,1249.752
02-07-2013,1285.662
03-07-2013,1292.684
04-07-2013,1303.686
05-07-2013,1268.937
06-07-2013,1063.859
07-07-2013,969.737
08-07-2013,1280.343
09-07-2013,1305.309
10-07-2013,1278.179
11-07-2013,1273.06
12-07-2013,1254.568
13-07-2013,1044.867
14-07-2013,952.337
15-07-2013,1248.738
16-07-2013,1285.767
17-07-2013,1295.885
18-07-2013,1296.646
19-07-2013,1252.492
20-07-2013,1061.693
21-07-2013,983.663
22-07-2013,1280.555
23-07-2013,1292.027
24-07-2013,1296.148
25-07-2013,1317.171
26-07-2013,1293.677
27-07-2013,1088.862
28-07-2013,991.371
29-07-2013,1266.935
30-07-2013,1241.942
31-07-2013,1240.056
01-08-2013,1318.543
02-08-2013,1314.423
03-08-2013,1110.478
04-08-2013,1013.331
05-08-2013,1293.084
06-08-2013,1315.468
07-08-2013,1308.647
08-08-2013,1291.984
09-08-2013,1254.462
10-08-2013,1088.538
11-08-2013,990.552
12-08-2013,1264.423
13-08-2013,1281.806
14-08-2013,1270.136
15-08-2013,1230.894
16-08-2013,1235.737
17-08-2013,1064.704
18-08-2013,1003.82
19-08-2013,1279.894
20-08-2013,1262.606
21-08-2013,1265.775
22-08-2013,1277.201
23-08-2013,1273.278
24-08-2013,1089.364
25-08-2013,1005.29
26-08-2013,1291.821
27-08-2013,1306.896
28-08-2013,1295.979
29-08-2013,1285.918
30-08-2013,1267.145
31-08-2013,1072.235
01-09-2013,1018.549
02-09-2013,1329.525
03-09-2013,1344.162
04-09-2013,1344.665
05-09-2013,1352.091
06-09-2013,1330.415
07-09-2013,1111.058
08-09-2013,1023.103
09-09-2013,1315.33
10-09-2013,1346.696
11-09-2013,1356.023
12-09-2013,1343.379
13-09-2013,1321.844
14-09-2013,1122.69
15-09-2013,1037.48
16-09-2013,1348.881
17-09-2013,1376.859
18-09-2013,1382.113
19-09-2013,1368.321
20-09-2013,1353.114
21-09-2013,1109.983
22-09-2013,1034.784
23-09-2013,1337.004
24-09-2013,1343.883
25-09-2013,1345.291
26-09-2013,1357.468
27-09-2013,1320.766
28-09-2013,1107.352
29-09-2013,1058.327
30-09-2013,1340.561
01-10-2013,1356.25
02-10-2013,1356.806
03-10-2013,1114.298
04-10-2013,1243.239
05-10-2013,1102.931
06-10-2013,1029.171
07-10-2013,1332.582
08-10-2013,1355.787
09-10-2013,1368.275
10-10-2013,1375.585
11-10-2013,1390.856
12-10-2013,1156.703
13-10-2013,1059.1
14-10-2013,1359.007
15-10-2013,1388.107
16-10-2013,1386.258
17-10-2013,1439.136
18-10-2013,1358.135
19-10-2013,1161.249
20-10-2013,1073.035
21-10-2013,1365.215
22-10-2013,1393.467
23-10-2013,1425.148
24-10-2013,1374.195
25-10-2013,1367.943
26-10-2013,1176.6
27-10-2013,1121.969
28-10-2013,1434.242
29-10-2013,1421.424
30-10-2013,1391.847
31-10-2013,1352.353
01-11-2013,1207.43
02-11-2013,1176.259
03-11-2013,1151.302
04-11-2013,1432.748
05-11-2013,1448.568
06-11-2013,1463.362
07-11-2013,1451.321
08-11-2013,1402.112
09-11-2013,1243.213
10-11-2013,1129.633
11-11-2013,1409.638
12-11-2013,1439.701
13-11-2013,1441.604
14-11-2013,1452.086
15-11-2013,1406.642
16-11-2013,1219.449
17-11-2013,1117.711
18-11-2013,1422.174
19-11-2013,1453.625
20-11-2013,1440.757
21-11-2013,1461.718
22-11-2013,1437.637
23-11-2013,1218.068
24-11-2013,1137.567
25-11-2013,1440.468
26-11-2013,1462.164
27-11-2013,1493.989
28-11-2013,1508.714
29-11-2013,1488.75
30-11-2013,1254.591
01-12-2013,1161.769
02-12-2013,1434.486
03-12-2013,1468.226
04-12-2013,1511.246
05-12-2013,1563.832
06-12-2013,1545.494
07-12-2013,1278.523
08-12-2013,1189.613
09-12-2013,1477.263
10-12-2013,1474.226
11-12-2013,1475.435
12-12-2013,1475.418
13-12-2013,1456.19
14-12-2013,1276.979
15-12-2013,1194.796
16-12-2013,1467.555
17-12-2013,1457.235
18-12-2013,1447.499
19-12-2013,1430.139
20-12-2013,1345.651
21-12-2013,1250.817
22-12-2013,1141.975
23-12-2013,1199.865
24-12-2013,1128.997
25-12-2013,992.789
26-12-2013,989.254
27-12-2013,1166.552
28-12-2013,1089.79
29-12-2013,1031.149
30-12-2013,1149.097
31-12-2013,1068.429
01-01-2014,1080.08
02-01-2014,1343.101
03-01-2014,1379.776
04-01-2014,1271.029
05-01-2014,1182.416
06-01-2014,1408.202
07-01-2014,1529.25
08-01-2014,1550.398
09-01-2014,1572.194
10-01-2014,1552.413
11-01-2014,1350.439
12-01-2014,1243.628
13-01-2014,1582.797
14-01-2014,1597.275
15-01-2014,1592.384
16-01-2014,1607.804
17-01-2014,1571.637
18-01-2014,1353.455
19-01-2014,1255.814
20-01-2014,1590.687
21-01-2014,1624.806
22-01-2014,1625.155
23-01-2014,1631.373
24-01-2014,1617.411
25-01-2014,1399.124
26-01-2014,1302.735
27-01-2014,1612.213
28-01-2014,1636.751
29-01-2014,1659.96
30-01-2014,1651.529
31-01-2014,1605.265
01-02-2014,1391.43
02-02-2014,1265.416
03-02-2014,1598.551
04-02-2014,1617.799
05-02-2014,1623.241
06-02-2014,1597.979
07-02-2014,1576.93
08-02-2014,1365.813
09-02-2014,1252.107
10-02-2014,1577.328
11-02-2014,1600.185
12-02-2014,1597.122
13-02-2014,1602.375
14-02-2014,1570.213
15-02-2014,1347.503
16-02-2014,1237.654
17-02-2014,1548.644
18-02-2014,1582.932
19-02-2014,1588.602
20-02-2014,1564.341
21-02-2014,1549.993
22-02-2014,1330.959
23-02-2014,1206.696
24-02-2014,1521.083
25-02-2014,1552.925
26-02-2014,1555.038
27-02-2014,1553.46
28-02-2014,1524.716
01-03-2014,1310.863
02-03-2014,1205.382
03-03-2014,1479.361
04-03-2014,1521.878
05-03-2014,1550.944
06-03-2014,1546.473
07-03-2014,1514.897
08-03-2014,1279.162
09-03-2014,1161.496
10-03-2014,1479.23
11-03-2014,1521.112
12-03-2014,1516.331
13-03-2014,1510.033
14-03-2014,1488.044
15-03-2014,1303.214
16-03-2014,1199.315
17-03-2014,1498.042
18-03-2014,1528.932
19-03-2014,1524.762
20-03-2014,1498.548
21-03-2014,1474.562
22-03-2014,1280.873
23-03-2014,1176.87
24-03-2014,1499.18
25-03-2014,1521.834
26-03-2014,1522.582
27-03-2014,1510.903
28-03-2014,1470.81
29-03-2014,1243.377
30-03-2014,1125.085
31-03-2014,1446.114
01-04-2014,1478.178
02-04-2014,1471.166
03-04-2014,1470.548
04-04-2014,1461.671
05-04-2014,1237.849
06-04-2014,1131.553
07-04-2014,1448.664
08-04-2014,1496.591
09-04-2014,1497.473
10-04-2014,1485.145
11-04-2014,1454.772
12-04-2014,1227.196
13-04-2014,1129.114
14-04-2014,1478.427
15-04-2014,1504.507
16-04-2014,1486.581
17-04-2014,1452.004
18-04-2014,1150.044
19-04-2014,1146.115
20-04-2014,1022.538
21-04-2014,1059.095
22-04-2014,1412.359
23-04-2014,1447.726
24-04-2014,1450.887
25-04-2014,1426.432
26-04-2014,1217.886
27-04-2014,1130.993
28-04-2014,1451.764
29-04-2014,1468.143
30-04-2014,1432.06
01-05-2014,1099.884
02-05-2014,1308.181
03-05-2014,1196.095
04-05-2014,1111.713
05-05-2014,1423.702
06-05-2014,1451.314
07-05-2014,1464.422
08-05-2014,1471.633
09-05-2014,1450.379
10-05-2014,1221.389
11-05-2014,1122.323
12-05-2014,1449.973
13-05-2014,1471.536
14-05-2014,1473.9
15-05-2014,1468.244
16-05-2014,1430.868
17-05-2014,1206.499
18-05-2014,1107.433
19-05-2014,1421.566
20-05-2014,1449.074
21-05-2014,1457.263
22-05-2014,1459.234
23-05-2014,1429.832
24-05-2014,1199.258
25-05-2014,1089.246
26-05-2014,1429.811
27-05-2014,1464.019
28-05-2014,1441.622
29-05-2014,1128.151
30-05-2014,1261.208
31-05-2014,1147.44
01-06-2014,1068.982
02-06-2014,1403.083
03-06-2014,1433.509
04-06-2014,1444.044
05-06-2014,1436.595
06-06-2014,1403.466
07-06-2014,1176.898
08-06-2014,1029.637
09-06-2014,1075.393
10-06-2014,1425.094
11-06-2014,1452.282
12-06-2014,1433.946
13-06-2014,1409.767
14-06-2014,1173.157
15-06-2014,1060.016
16-06-2014,1372.914
17-06-2014,1404.609
18-06-2014,1395.354
19-06-2014,1208.285
20-06-2014,1310.358
21-06-2014,1155.962
22-06-2014,1066.92
23-06-2014,1403.576
24-06-2014,1434.542
25-06-2014,1434.41
26-06-2014,1413.061
27-06-2014,1400.165
28-06-2014,1192.279
29-06-2014,1094.965
30-06-2014,1398.098
01-07-2014,1407.234
02-07-2014,1418.936
03-07-2014,1424.626
04-07-2014,1401.193
05-07-2014,1192.741
06-07-2014,1096.519
07-07-2014,1415.363
08-07-2014,1455.751
09-07-2014,1446.773
10-07-2014,1430.759
11-07-2014,1403.109
12-07-2014,1176.602
13-07-2014,1078.057
14-07-2014,1386.762
15-07-2014,1424.134
16-07-2014,1436.438
17-07-2014,1439.77
18-07-2014,1419.386
19-07-2014,1207.587
20-07-2014,1113.844
21-07-2014,1429.35
22-07-2014,1440.878
23-07-2014,1428.897
24-07-2014,1425.512
25-07-2014,1396.902
26-07-2014,1184.844
27-07-2014,1090.885
28-07-2014,1399.811
29-07-2014,1427.072
30-07-2014,1421.525
31-07-2014,1391.858
01-08-2014,1351.763
02-08-2014,1152.935
03-08-2014,1052.11
04-08-2014,1332.53
05-08-2014,1348.567
06-08-2014,1343.235
07-08-2014,1352.921
08-08-2014,1336.572
09-08-2014,1148.349
10-08-2014,1053.571
11-08-2014,1329.38
12-08-2014,1346.617
13-08-2014,1341.527
14-08-2014,1338.15
15-08-2014,1287.993
16-08-2014,1125.591
17-08-2014,1050.517
18-08-2014,1347.832
19-08-2014,1365.968
20-08-2014,1365.495
21-08-2014,1356.223
22-08-2014,1344.779
23-08-2014,1145.574
24-08-2014,1060.239
25-08-2014,1367.119
26-08-2014,1409.568
27-08-2014,1399.388
28-08-2014,1406.689
29-08-2014,1388.598
30-08-2014,1169.708
31-08-2014,1079.792
01-09-2014,1387.259
02-09-2014,1415.362
03-09-2014,1418.535
04-09-2014,1419.51
05-09-2014,1396.018
06-09-2014,1172.116
07-09-2014,1078.244
08-09-2014,1397.91
09-09-2014,1423.748
10-09-2014,1425.248
11-09-2014,1423.049
12-09-2014,1423.06
13-09-2014,1188.869
14-09-2014,1086.61
15-09-2014,1413.548
16-09-2014,1432.668
17-09-2014,1439.671
18-09-2014,1439.382
19-09-2014,1413.083
20-09-2014,1190.711
21-09-2014,1108.882
22-09-2014,1430.587
23-09-2014,1426.598
24-09-2014,1441.296
25-09-2014,1452.119
26-09-2014,1429.24
27-09-2014,1191.276
28-09-2014,1094.546
29-09-2014,1418.665
30-09-2014,1451.462
01-10-2014,1447.344
02-10-2014,1415.769
03-10-2014,1110.308
04-10-2014,1140.025
05-10-2014,1101.846
06-10-2014,1433.779
07-10-2014,1479.844
08-10-2014,1478.642
09-10-2014,1478.021
10-10-2014,1438.007
11-10-2014,1210.109
12-10-2014,1112.591
13-10-2014,1446.082
14-10-2014,1462.093
15-10-2014,1463.674
16-10-2014,1480.27
17-10-2014,1456.43
18-10-2014,1213.968
19-10-2014,1104.944
20-10-2014,1452.216
21-10-2014,1494.806
22-10-2014,1524.348
23-10-2014,1505.152
24-10-2014,1469.695
25-10-2014,1250.048
26-10-2014,1146.154
27-10-2014,1462.771
28-10-2014,1506.889
29-10-2014,1510.275
30-10-2014,1498.149
31-10-2014,1416.136
01-11-2014,1179.257
02-11-2014,1132.342
03-11-2014,1474.104
04-11-2014,1510.933
05-11-2014,1530.091
06-11-2014,1514.495
07-11-2014,1500.385
08-11-2014,1261.024
09-11-2014,1168.962
10-11-2014,1501.365
11-11-2014,1535.672
12-11-2014,1543.143
13-11-2014,1540.201
14-11-2014,1510.641
15-11-2014,1293.132
16-11-2014,1190.046
17-11-2014,1502.959
18-11-2014,1552.335
19-11-2014,1535.652
20-11-2014,1547.113
21-11-2014,1527.836
22-11-2014,1306.239
23-11-2014,1192.159
24-11-2014,1518.845
25-11-2014,1559.897
26-11-2014,1580.036
27-11-2014,1578.16
28-11-2014,1568.285
29-11-2014,1358.272
30-11-2014,1262.219
01-12-2014,1607.283
02-12-2014,1638.098
03-12-2014,1649.827
04-12-2014,1639.12
05-12-2014,1604.009
06-12-2014,1363.198
07-12-2014,1272.225
08-12-2014,1584.181
09-12-2014,1632.551
10-12-2014,1648.487
11-12-2014,1631.714
12-12-2014,1578.794
13-12-2014,1342.898
14-12-2014,1246.85
15-12-2014,1551.297
16-12-2014,1563.686
17-12-2014,1564.912
18-12-2014,1518.968
19-12-2014,1460.466
20-12-2014,1302.196
21-12-2014,1195.561
22-12-2014,1363.14
23-12-2014,1326.533
24-12-2014,1154.524
25-12-2014,1089.457
26-12-2014,1101.683
27-12-2014,1198.834
28-12-2014,1168.079
29-12-2014,1316.093
30-12-2014,1300.367
31-12-2014,1183.51
01-01-2015,1111.336
02-01-2015,1300.884
03-01-2015,1265.271
04-01-2015,1198.854
05-01-2015,1449.861
06-01-2015,1452.891
07-01-2015,1569.872
08-01-2015,1586.974
09-01-2015,1563.293
10-01-2015,1331.448
11-01-2015,1262.161
12-01-2015,1582.066
13-01-2015,1574.302
14-01-2015,1593.682
15-01-2015,1602.404
16-01-2015,1565.32
17-01-2015,1354.801
18-01-2015,1267.489
19-01-2015,1594.869
20-01-2015,1629.73
21-01-2015,1632.146
22-01-2015,1636.978
23-01-2015,1616.264
24-01-2015,1402.911
25-01-2015,1290.655
26-01-2015,1611.883
27-01-2015,1620.565
28-01-2015,1626.164
29-01-2015,1620.04
30-01-2015,1587.346
31-01-2015,1360.551
01-02-2015,1273.828
02-02-2015,1608.68
03-02-2015,1639.26
04-02-2015,1651.314
05-02-2015,1647.357
06-02-2015,1620.507
07-02-2015,1408.553
08-02-2015,1296.855
09-02-2015,1618.607
10-02-2015,1626.864
11-02-2015,1623.086
12-02-2015,1619.396
13-02-2015,1583.173
14-02-2015,1359.135
15-02-2015,1261.167
16-02-2015,1536.78
17-02-2015,1600.019
18-02-2015,1611.379
19-02-2015,1607.741
20-02-2015,1571.017
21-02-2015,1345.913
22-02-2015,1256.938
23-02-2015,1592.656
24-02-2015,1604.991
25-02-2015,1585.249
26-02-2015,1579.35
27-02-2015,1569.187
28-02-2015,1340.489
01-03-2015,1235.836
02-03-2015,1546.866
03-03-2015,1570.639
04-03-2015,1579.064
05-03-2015,1573.558
06-03-2015,1547.83
07-03-2015,1317.425
08-03-2015,1182.494
09-03-2015,1496.531
10-03-2015,1537.668
11-03-2015,1530.601
12-03-2015,1536.444
13-03-2015,1524.474
14-03-2015,1320.247
15-03-2015,1212.893
16-03-2015,1507.519
17-03-2015,1506.485
18-03-2015,1498.96
19-03-2015,1508.011
20-03-2015,1490.008
21-03-2015,1304.469
22-03-2015,1196.051
23-03-2015,1500.293
24-03-2015,1518.172
25-03-2015,1508.028
26-03-2015,1521.241
27-03-2015,1499.701
28-03-2015,1274.136
29-03-2015,1187.673
30-03-2015,1500.454
31-03-2015,1517.419
01-04-2015,1531.944
02-04-2015,1506.147
03-04-2015,1174.095
04-04-2015,1193.274
05-04-2015,1084.83
06-04-2015,1122.724
07-04-2015,1464.286
08-04-2015,1476.07
09-04-2015,1448.204
10-04-2015,1420.437
11-04-2015,1230.603
12-04-2015,1122.555
13-04-2015,1444.641
14-04-2015,1463.975
15-04-2015,1455.666
16-04-2015,1447.202
17-04-2015,1432.894
18-04-2015,1199.975
19-04-2015,1102.443
20-04-2015,1410.487
21-04-2015,1432.199
22-04-2015,1423.398
23-04-2015,1418.293
24-04-2015,1398.64
25-04-2015,1201.174
26-04-2015,1103.922
27-04-2015,1447.782
28-04-2015,1467.317
29-04-2015,1453.773
30-04-2015,1424.302
01-05-2015,1079.915
02-05-2015,1125.912
03-05-2015,1101.446
04-05-2015,1413.223
05-05-2015,1445.995
06-05-2015,1434.754
07-05-2015,1430.15
08-05-2015,1392.394
09-05-2015,1184.991
10-05-2015,1088.438
11-05-2015,1407.102
12-05-2015,1433.055
13-05-2015,1395.238
14-05-2015,1098.291
15-05-2015,1245.49
16-05-2015,1151.318
17-05-2015,1076.939
18-05-2015,1396.521
19-05-2015,1434.103
20-05-2015,1425.217
21-05-2015,1423.081
22-05-2015,1393.65
23-05-2015,1163.304
24-05-2015,1010.009
25-05-2015,1054.735
26-05-2015,1388.669
27-05-2015,1420.104
28-05-2015,1416.905
29-05-2015,1391.308
30-05-2015,1182.868
31-05-2015,1084.568
01-06-2015,1394.145
02-06-2015,1437.818
03-06-2015,1412.579
04-06-2015,1205.178
05-06-2015,1320.672
06-06-2015,1174.111
07-06-2015,1070.875
08-06-2015,1395.467
09-06-2015,1418.821
10-06-2015,1424.7
11-06-2015,1420.772
12-06-2015,1411.397
13-06-2015,1192.32
14-06-2015,1073.904
15-06-2015,1393.554
16-06-2015,1401.419
17-06-2015,1402.199
18-06-2015,1419.662
19-06-2015,1395.931
20-06-2015,1180.535
21-06-2015,1085.127
22-06-2015,1409.975
23-06-2015,1431.524
24-06-2015,1431.097
25-06-2015,1417.865
26-06-2015,1394.149
27-06-2015,1175.912
28-06-2015,1064.642
29-06-2015,1398.283
30-06-2015,1423.809
01-07-2015,1444.957
02-07-2015,1470.2
03-07-2015,1439.366
04-07-2015,1215.227
05-07-2015,1121.175
06-07-2015,1422.065
07-07-2015,1454.992
08-07-2015,1434.461
09-07-2015,1415.71
10-07-2015,1380.306
11-07-2015,1165.998
12-07-2015,1084.822
13-07-2015,1401.845
14-07-2015,1429.539
15-07-2015,1430.462
16-07-2015,1440.181
17-07-2015,1425.905
18-07-2015,1186.873
19-07-2015,1093.809
20-07-2015,1399.288
21-07-2015,1449.58
22-07-2015,1442.967
23-07-2015,1417.126
24-07-2015,1388.711
25-07-2015,1176.33
26-07-2015,1051.867
27-07-2015,1354.408
28-07-2015,1379.207
29-07-2015,1374.893
30-07-2015,1370.35
31-07-2015,1326.948
01-08-2015,1123.809
02-08-2015,1038.046
03-08-2015,1353.912
04-08-2015,1385.44
05-08-2015,1368.478
06-08-2015,1389.743
07-08-2015,1363.039
08-08-2015,1162.867
09-08-2015,1071.309
10-08-2015,1364.364
11-08-2015,1384.07
12-08-2015,1394.084
13-08-2015,1394.573
14-08-2015,1365.638
15-08-2015,1143.305
16-08-2015,1068.273
17-08-2015,1364.661
18-08-2015,1374.693
19-08-2015,1363.831
20-08-2015,1367.7
21-08-2015,1343.751
22-08-2015,1144.347
23-08-2015,1063.363
24-08-2015,1386.899
25-08-2015,1400.484
26-08-2015,1411.119
27-08-2015,1423.337
28-08-2015,1383.029
29-08-2015,1164.636
30-08-2015,1085.568
31-08-2015,1418.065
01-09-2015,1454.193
02-09-2015,1431.186
03-09-2015,1424.913
04-09-2015,1398.09
05-09-2015,1188.41
06-09-2015,1108.465
07-09-2015,1409.703
08-09-2015,1434.184
09-09-2015,1426.93
10-09-2015,1426.198
11-09-2015,1407.695
12-09-2015,1201.761
13-09-2015,1113.172
14-09-2015,1438.257
15-09-2015,1458.246
16-09-2015,1475.5
17-09-2015,1478.113
18-09-2015,1415.759
19-09-2015,1194.287
20-09-2015,1109.639
21-09-2015,1420.448
22-09-2015,1461.989
23-09-2015,1466.2
24-09-2015,1456.21
25-09-2015,1427.929
26-09-2015,1212.761
27-09-2015,1121.202
28-09-2015,1431.729
29-09-2015,1459.78
30-09-2015,1458.914
01-10-2015,1425.006
02-10-2015,1391.05
03-10-2015,1103.113
04-10-2015,1096.609
05-10-2015,1411.536
06-10-2015,1472.839
07-10-2015,1482.683
08-10-2015,1476.684
09-10-2015,1434.129
10-10-2015,1214.974
11-10-2015,1126.644
12-10-2015,1445.207
13-10-2015,1511.174
14-10-2015,1541.517
15-10-2015,1543.672
16-10-2015,1508.635
17-10-2015,1271.678
18-10-2015,1179.09
19-10-2015,1492.327
20-10-2015,1515.969
21-10-2015,1511.232
22-10-2015,1514.531
23-10-2015,1464.955
24-10-2015,1245.404
25-10-2015,1166.55
26-10-2015,1460.365
27-10-2015,1501.482
28-10-2015,1513.639
29-10-2015,1505.791
30-10-2015,1482.989
31-10-2015,1237.624
01-11-2015,1163.587
02-11-2015,1487.294
03-11-2015,1524.191
04-11-2015,1523.905
05-11-2015,1505.157
06-11-2015,1479.034
07-11-2015,1269.524
08-11-2015,1162.261
09-11-2015,1496.931
10-11-2015,1533.091
11-11-2015,1521.932
12-11-2015,1518.605
13-11-2015,1512.112
14-11-2015,1298.132
15-11-2015,1203.657
16-11-2015,1504.112
17-11-2015,1542.282
18-11-2015,1533.125
19-11-2015,1550.195
20-11-2015,1531.888
21-11-2015,1312.858
22-11-2015,1241.689
23-11-2015,1563.445
24-11-2015,1616.77
25-11-2015,1613.408
26-11-2015,1596.015
27-11-2015,1573.074
28-11-2015,1364.086
29-11-2015,1267.062
30-11-2015,1571.189
01-12-2015,1588.021
02-12-2015,1585.308
03-12-2015,1577.457
04-12-2015,1570.318
05-12-2015,1337.095
06-12-2015,1232.073
07-12-2015,1536.251
08-12-2015,1572.74
09-12-2015,1586.393
10-12-2015,1596.593
11-12-2015,1578.22
12-12-2015,1334.376
13-12-2015,1242.101
14-12-2015,1554.947
15-12-2015,1567.9
16-12-2015,1562.404
17-12-2015,1512.095
18-12-2015,1462.443
19-12-2015,1255.073
20-12-2015,1165.159
21-12-2015,1396.454
22-12-2015,1379.031
23-12-2015,1312.974
24-12-2015,1121.944
25-12-2015,1047.277
26-12-2015,1049.349
27-12-2015,1068.214
28-12-2015,1219.075
29-12-2015,1233.66
30-12-2015,1238.863
31-12-2015,1158.103
01-01-2016,1060.366
02-01-2016,1192.698
03-01-2016,1179.282
04-01-2016,1456.294
05-01-2016,1506.737
06-01-2016,1454.685
07-01-2016,1540.304
08-01-2016,1515.84
09-01-2016,1311.996
10-01-2016,1217.985
11-01-2016,1543.692
12-01-2016,1574.058
13-01-2016,1595.181
14-01-2016,1594.6
15-01-2016,1589.38
16-01-2016,1376.513
17-01-2016,1288.699
18-01-2016,1629.911
19-01-2016,1672.32
20-01-2016,1661.646
21-01-2016,1657.049
22-01-2016,1653.635
23-01-2016,1400.292
24-01-2016,1274.629
25-01-2016,1556.816
26-01-2016,1570.884
27-01-2016,1574.427
28-01-2016,1559.91
29-01-2016,1545.318
30-01-2016,1339.319
31-01-2016,1233.714
01-02-2016,1533.857
02-02-2016,1565.493
03-02-2016,1583.04
04-02-2016,1588.979
05-02-2016,1545.368
06-02-2016,1293.588
07-02-2016,1209.617
08-02-2016,1498.211
09-02-2016,1550.349
10-02-2016,1578.526
11-02-2016,1562.214
12-02-2016,1541.945
13-02-2016,1331.757
14-02-2016,1228.404
15-02-2016,1565.899
16-02-2016,1596.259
17-02-2016,1611.729
18-02-2016,1584.18
19-02-2016,1575.679
20-02-2016,1366.934
21-02-2016,1229.811
22-02-2016,1534.638
23-02-2016,1575.798
24-02-2016,1578.573
25-02-2016,1581.22
26-02-2016,1543.553
27-02-2016,1314.531
28-02-2016,1221.887
29-02-2016,1544.11
01-03-2016,1581.822
02-03-2016,1573.211
03-03-2016,1562.373
04-03-2016,1548.866
05-03-2016,1317.666
06-03-2016,1223.36
07-03-2016,1531.428
08-03-2016,1574.837
09-03-2016,1563.842
10-03-2016,1546.814
11-03-2016,1531.62
12-03-2016,1320.899
13-03-2016,1217.183
14-03-2016,1511.613
15-03-2016,1568.054
16-03-2016,1560.626
17-03-2016,1530.473
18-03-2016,1518.48
19-03-2016,1313.651
20-03-2016,1210.452
21-03-2016,1518.724
22-03-2016,1534.757
23-03-2016,1527.499
24-03-2016,1491.316
25-03-2016,1200.708
26-03-2016,1175.789
27-03-2016,1078.086
28-03-2016,1114.596
29-03-2016,1442.356
30-03-2016,1491.498
31-03-2016,1482.205
01-04-2016,1451.858
02-04-2016,1218.446
03-04-2016,1107.613
04-04-2016,1418.247
05-04-2016,1453.871
06-04-2016,1466.728
07-04-2016,1472.789
08-04-2016,1440.043
09-04-2016,1206.636
10-04-2016,1106.457
11-04-2016,1412.149
12-04-2016,1446.925
13-04-2016,1458.691
14-04-2016,1447.353
15-04-2016,1429.323
16-04-2016,1200.125
17-04-2016,1113.521
18-04-2016,1428.782
19-04-2016,1452.976
20-04-2016,1438.061
21-04-2016,1433.142
22-04-2016,1410.083
23-04-2016,1208.184
24-04-2016,1126.023
25-04-2016,1456.44
26-04-2016,1493.585
27-04-2016,1507.164
28-04-2016,1483.175
29-04-2016,1451.057
30-04-2016,1205.869
01-05-2016,1078.602
02-05-2016,1405.185
03-05-2016,1462.935
04-05-2016,1430.136
05-05-2016,1111.379
06-05-2016,1254.051
07-05-2016,1149.938
08-05-2016,1072.653
09-05-2016,1403.845
10-05-2016,1431.813
11-05-2016,1441.717
12-05-2016,1444.324
13-05-2016,1405.332
14-05-2016,1168.618
15-05-2016,1048.215
16-05-2016,1080.327
17-05-2016,1406.559
18-05-2016,1432.772
19-05-2016,1436.909
20-05-2016,1415.619
21-05-2016,1175.567
22-05-2016,1099.152
23-05-2016,1430.635
24-05-2016,1454.007
25-05-2016,1426.676
26-05-2016,1221.096
27-05-2016,1313.71
28-05-2016,1169.531
29-05-2016,1096.905
30-05-2016,1423.574
31-05-2016,1435.085
01-06-2016,1431.441
02-06-2016,1421.839
03-06-2016,1394.273
04-06-2016,1170.051
05-06-2016,1076.44
06-06-2016,1393.733
07-06-2016,1419.232
08-06-2016,1420.198
09-06-2016,1405.974
10-06-2016,1371.476
11-06-2016,1156.451
12-06-2016,1080.805
13-06-2016,1390.936
14-06-2016,1413.197
15-06-2016,1408.312
16-06-2016,1405.908
17-06-2016,1382.577
18-06-2016,1162.117
19-06-2016,1066.99
20-06-2016,1377.795
21-06-2016,1408.899
22-06-2016,1426.195
23-06-2016,1446.406
24-06-2016,1427.889
25-06-2016,1195.55
26-06-2016,1071.035
27-06-2016,1389.253
28-06-2016,1415.082
29-06-2016,1422.497
30-06-2016,1420.479
01-07-2016,1397.573
02-07-2016,1173.694
03-07-2016,1064.118
04-07-2016,1375.612
05-07-2016,1416.841
06-07-2016,1413.597
07-07-2016,1400.162
08-07-2016,1393.535
09-07-2016,1167.211
10-07-2016,1088.476
11-07-2016,1408.131
12-07-2016,1418.663
13-07-2016,1392.884
14-07-2016,1395.855
15-07-2016,1362.975
16-07-2016,1142.248
17-07-2016,1065.412
18-07-2016,1371.539
19-07-2016,1399.163
20-07-2016,1419.223
21-07-2016,1419.319
22-07-2016,1386.894
23-07-2016,1167.148
24-07-2016,1076.257
25-07-2016,1382.122
26-07-2016,1401.714
27-07-2016,1396.615
28-07-2016,1383.221
29-07-2016,1351.661
30-07-2016,1142.74
31-07-2016,1054.524
01-08-2016,1321.94
02-08-2016,1356.852
03-08-2016,1382.448
04-08-2016,1376.755
05-08-2016,1333.847
06-08-2016,1126.238
07-08-2016,1038.178
08-08-2016,1339.952
09-08-2016,1348.403
10-08-2016,1342.669
11-08-2016,1336.473
12-08-2016,1332.298
13-08-2016,1134.686
14-08-2016,1036.969
15-08-2016,1286.423
16-08-2016,1346.943
17-08-2016,1342.218
18-08-2016,1354.995
19-08-2016,1341.012
20-08-2016,1143.534
21-08-2016,1042.629
22-08-2016,1357.518
23-08-2016,1389.365
24-08-2016,1405.574
25-08-2016,1414.684
26-08-2016,1399.299
27-08-2016,1183.501
28-08-2016,1095.56
29-08-2016,1401.324
30-08-2016,1387.894
31-08-2016,1401.426
01-09-2016,1407.52
02-09-2016,1382.375
03-09-2016,1156.702
04-09-2016,1091.754
05-09-2016,1384.297
06-09-2016,1398.754
07-09-2016,1405.116
08-09-2016,1420.959
09-09-2016,1392.97
10-09-2016,1173.301
11-09-2016,1088.362
12-09-2016,1409.987
13-09-2016,1446.824
14-09-2016,1442.332
15-09-2016,1436.421
16-09-2016,1397.158
17-09-2016,1179.558
18-09-2016,1087.556
19-09-2016,1389.524
20-09-2016,1410.447
21-09-2016,1407.202
22-09-2016,1401.531
23-09-2016,1383.836
24-09-2016,1160.873
25-09-2016,1074.47
26-09-2016,1394.293
27-09-2016,1422.983
28-09-2016,1435.492
29-09-2016,1436.797
30-09-2016,1403.626
01-10-2016,1175.987
02-10-2016,1081.683
03-10-2016,1105.195
04-10-2016,1422.066
05-10-2016,1455.863
06-10-2016,1489.808
07-10-2016,1452.49
08-10-2016,1233.154
09-10-2016,1143.149
10-10-2016,1456.039
11-10-2016,1494.224
12-10-2016,1495.956
13-10-2016,1503.571
14-10-2016,1477.953
15-10-2016,1243.613
16-10-2016,1136.267
17-10-2016,1461.414
18-10-2016,1489.622
19-10-2016,1503.565
20-10-2016,1506.204
21-10-2016,1479.348
22-10-2016,1247.09
23-10-2016,1154.998
24-10-2016,1482.911
25-10-2016,1499.188
26-10-2016,1495.441
27-10-2016,1495.821
28-10-2016,1480.316
29-10-2016,1243.55
30-10-2016,1141.624
31-10-2016,1331.536
01-11-2016,1301.873
02-11-2016,1519.388
03-11-2016,1532.05
04-11-2016,1509.537
05-11-2016,1299.408
06-11-2016,1204.939
07-11-2016,1529.163
08-11-2016,1571.629
09-11-2016,1577.031
10-11-2016,1577.657
11-11-2016,1568.043
12-11-2016,1343.044
13-11-2016,1252.972
14-11-2016,1564.09
15-11-2016,1604.101
16-11-2016,1574.039
17-11-2016,1564.308
18-11-2016,1544.541
19-11-2016,1334.341
20-11-2016,1233.973
21-11-2016,1533.053
22-11-2016,1552.999
23-11-2016,1546.154
24-11-2016,1565.587
25-11-2016,1544.217
26-11-2016,1336.736
27-11-2016,1236.953
28-11-2016,1573.721
29-11-2016,1628.617
30-11-2016,1638.339
01-12-2016,1631.279
02-12-2016,1585.45
03-12-2016,1371.141
04-12-2016,1299.91
05-12-2016,1614.383
06-12-2016,1650.038
07-12-2016,1671.129
08-12-2016,1632.362
09-12-2016,1591.42
10-12-2016,1345.308
11-12-2016,1267.997
12-12-2016,1569.869
13-12-2016,1602.297
14-12-2016,1595.293
15-12-2016,1601.397
16-12-2016,1567.488
17-12-2016,1365.579
18-12-2016,1266.495
19-12-2016,1542.018
20-12-2016,1572.427
21-12-2016,1567.399
22-12-2016,1512.661
23-12-2016,1415.811
24-12-2016,1195.354
25-12-2016,1117.673
26-12-2016,1121.213
27-12-2016,1289.324
28-12-2016,1294.881
29-12-2016,1295.897
30-12-2016,1291.044
31-12-2016,1212.568
01-01-2017,1130.413
02-01-2017,1441.052
03-01-2017,1529.99
04-01-2017,1553.083
05-01-2017,1547.238
06-01-2017,1501.795
07-01-2017,1405.145
08-01-2017,1301.011
09-01-2017,1604.348
10-01-2017,1639.046
11-01-2017,1654.809
12-01-2017,1620.597
13-01-2017,1608.895
14-01-2017,1392.736
15-01-2017,1289.904
16-01-2017,1605.465
17-01-2017,1649.104
18-01-2017,1669.395
19-01-2017,1667.477
20-01-2017,1641.737
21-01-2017,1423.02
22-01-2017,1340.341
23-01-2017,1663.492
24-01-2017,1682.002
25-01-2017,1674.171
26-01-2017,1659.527
27-01-2017,1629.164
28-01-2017,1394.033
29-01-2017,1296.17
30-01-2017,1605.356
31-01-2017,1620.86
01-02-2017,1627.965
02-02-2017,1604.12
03-02-2017,1574.576
04-02-2017,1344.391
05-02-2017,1238.879
06-02-2017,1574.502
07-02-2017,1621.574
08-02-2017,1625.415
09-02-2017,1637.74
10-02-2017,1622.785
11-02-2017,1386.709
12-02-2017,1293.212
13-02-2017,1597.275
14-02-2017,1593.56
15-02-2017,1579.457
16-02-2017,1576.044
17-02-2017,1556.106
18-02-2017,1327.272
19-02-2017,1245.979
20-02-2017,1563.139
21-02-2017,1566.902
22-02-2017,1584.343
23-02-2017,1561.235
24-02-2017,1539.603
25-02-2017,1319.075
26-02-2017,1208.725
27-02-2017,1467.695
28-02-2017,1532.536
01-03-2017,1551.41
02-03-2017,1541.733
03-03-2017,1514.114
04-03-2017,1265.589
05-03-2017,1185.541
06-03-2017,1519.85
07-03-2017,1554.86
08-03-2017,1565.245
09-03-2017,1545.066
10-03-2017,1496.809
11-03-2017,1265.416
12-03-2017,1170.7
13-03-2017,1478.837
14-03-2017,1508.366
15-03-2017,1497.831
16-03-2017,1485.207
17-03-2017,1477.5
18-03-2017,1294.453
19-03-2017,1180.593
20-03-2017,1476.082
21-03-2017,1510.116
22-03-2017,1511.842
23-03-2017,1498.325
24-03-2017,1467.528
25-03-2017,1234.089
26-03-2017,1126.869
27-03-2017,1429.636
28-03-2017,1445.382
29-03-2017,1455.418
30-03-2017,1439.171
31-03-2017,1402.585
01-04-2017,1186.056
02-04-2017,1096.921
03-04-2017,1407.901
04-04-2017,1426.521
05-04-2017,1456.718
06-04-2017,1463.906
07-04-2017,1450.322
08-04-2017,1202.753
09-04-2017,1106.114
10-04-2017,1430.915
11-04-2017,1451.163
12-04-2017,1455.273
13-04-2017,1420.099
14-04-2017,1130.276
15-04-2017,1154.583
16-04-2017,1048.707
17-04-2017,1086.456
18-04-2017,1432.359
19-04-2017,1476.37
20-04-2017,1472.599
21-04-2017,1458.738
22-04-2017,1254.143
23-04-2017,1156.946
24-04-2017,1448.633
25-04-2017,1482.644
26-04-2017,1488.591
27-04-2017,1485.878
28-04-2017,1452.533
29-04-2017,1209.53
30-04-2017,1091.063
01-05-2017,1103.225
02-05-2017,1452.669
03-05-2017,1471.946
04-05-2017,1487.176
05-05-2017,1446.117
06-05-2017,1199.384
07-05-2017,1113.129
08-05-2017,1442.223
09-05-2017,1434.6
10-05-2017,1425.515
11-05-2017,1419.331
12-05-2017,1406.466
13-05-2017,1171.82
14-05-2017,1071.069
15-05-2017,1387.278
16-05-2017,1421.664
17-05-2017,1426.872
18-05-2017,1429.989
19-05-2017,1416.083
20-05-2017,1171.156
21-05-2017,1070.711
22-05-2017,1383.231
23-05-2017,1419.738
24-05-2017,1397.888
25-05-2017,1094.2
26-05-2017,1229.704
27-05-2017,1140.566
28-05-2017,1079.39
29-05-2017,1414.019
30-05-2017,1450.411
31-05-2017,1437.944
01-06-2017,1407.461
02-06-2017,1392.361
03-06-2017,1162.876
04-06-2017,1016.024
05-06-2017,1028.159
06-06-2017,1367.605
07-06-2017,1401.233
08-06-2017,1388.365
09-06-2017,1380.886
10-06-2017,1149.633
11-06-2017,1067.459
12-06-2017,1393.638
13-06-2017,1400.213
14-06-2017,1369.96
15-06-2017,1204.597
16-06-2017,1302.817
17-06-2017,1139.368
18-06-2017,1065.075
19-06-2017,1394.063
20-06-2017,1440.547
21-06-2017,1434.325
22-06-2017,1459.289
23-06-2017,1425.38
24-06-2017,1184.272
25-06-2017,1086.637
26-06-2017,1399.3
27-06-2017,1417.749
28-06-2017,1431.5
29-06-2017,1411.06
30-06-2017,1383.979
01-07-2017,1160.762
02-07-2017,1074.715
03-07-2017,1368.537
04-07-2017,1393.457
05-07-2017,1396.984
06-07-2017,1408.679
07-07-2017,1395.258
08-07-2017,1173.655
09-07-2017,1066.22
10-07-2017,1387.963
11-07-2017,1394.364
12-07-2017,1412.276
13-07-2017,1374.525
14-07-2017,1343.568
15-07-2017,1124.203
16-07-2017,1046.128
17-07-2017,1350.745
18-07-2017,1380.639
19-07-2017,1411.458
20-07-2017,1401.05
21-07-2017,1355.297
22-07-2017,1151.213
23-07-2017,1048.236
24-07-2017,1336.969
25-07-2017,1373.256
26-07-2017,1365.235
27-07-2017,1356.974
28-07-2017,1328.12
29-07-2017,1132.547
30-07-2017,1061.415
31-07-2017,1333.13
01-08-2017,1364.819
02-08-2017,1365.735
03-08-2017,1389.445
04-08-2017,1349.423
05-08-2017,1130.134
06-08-2017,1024.324
07-08-2017,1302.062
08-08-2017,1343.899
09-08-2017,1342.432
10-08-2017,1351.491
11-08-2017,1329.039
12-08-2017,1121.458
13-08-2017,1025.07
14-08-2017,1305.341
15-08-2017,1333.398
16-08-2017,1364.029
17-08-2017,1377.745
18-08-2017,1362.48
19-08-2017,1130.982
20-08-2017,1042.809
21-08-2017,1347.212
22-08-2017,1363.146
23-08-2017,1365.414
24-08-2017,1381.885
25-08-2017,1363.835
26-08-2017,1155.017
27-08-2017,1066.659
28-08-2017,1369.098
29-08-2017,1409.367
30-08-2017,1434.052
31-08-2017,1417.97368
01-09-2017,1361.78735
02-09-2017,1135.72984
03-09-2017,1057.50932
04-09-2017,1359.36636
05-09-2017,1391.71549
06-09-2017,1421.76263
07-09-2017,1406.76505
08-09-2017,1407.68179
09-09-2017,1187.91825
10-09-2017,1092.1046
11-09-2017,1411.22858
12-09-2017,1428.50639
13-09-2017,1460.61621
14-09-2017,1456.47487
15-09-2017,1409.7847
16-09-2017,1181.50447
17-09-2017,1095.32021
18-09-2017,1403.63214
19-09-2017,1429.80947
20-09-2017,1442.87787
21-09-2017,1421.64603
22-09-2017,1401.40633
23-09-2017,1191.10345
24-09-2017,1115.07288
25-09-2017,1419.59171
26-09-2017,1445.40606
27-09-2017,1451.00792
28-09-2017,1446.44828
29-09-2017,1427.92132
30-09-2017,1216.86135
01-10-2017,1106.68587
02-10-2017,1327.67473
03-10-2017,1176.7697
04-10-2017,1458.9855
05-10-2017,1480.53577
06-10-2017,1463.70211
07-10-2017,1248.2794
08-10-2017,1150.3125
09-10-2017,1458.46922
10-10-2017,1489.54663
11-10-2017,1490.02758
12-10-2017,1492.93612
13-10-2017,1463.11905
14-10-2017,1234.93129
15-10-2017,1119.08821
16-10-2017,1438.02368
17-10-2017,1464.32599
18-10-2017,1460.71347
19-10-2017,1466.94208
20-10-2017,1469.67145
21-10-2017,1246.57986
22-10-2017,1164.39959
23-10-2017,1483.51188
24-10-2017,1508.51484
25-10-2017,1506.14869
26-10-2017,1493.68102
27-10-2017,1480.50323
28-10-2017,1284.26158
29-10-2017,1176.91823
30-10-2017,1345.87389
31-10-2017,1204.08577
01-11-2017,1309.18478
02-11-2017,1474.19484
03-11-2017,1471.18241
04-11-2017,1284.77485
05-11-2017,1193.85495
06-11-2017,1505.67173
07-11-2017,1545.63945
08-11-2017,1547.48171
09-11-2017,1557.63091
10-11-2017,1560.41732
11-11-2017,1346.43916
12-11-2017,1241.51495
13-11-2017,1538.83561
14-11-2017,1577.45348
15-11-2017,1562.03367
16-11-2017,1574.73479
17-11-2017,1552.2178
18-11-2017,1369.91888
19-11-2017,1268.00462
20-11-2017,1565.56805
21-11-2017,1576.49592
22-11-2017,1558.72998
23-11-2017,1581.7877
24-11-2017,1528.12694
25-11-2017,1333.15585
26-11-2017,1276.09818
27-11-2017,1602.17797
28-11-2017,1615.38061
29-11-2017,1603.98435
30-11-2017,1617.03309
01-12-2017,1592.96187
02-12-2017,1391.85405
03-12-2017,1330.26226
04-12-2017,1620.97758
05-12-2017,1643.72307
06-12-2017,1639.08265
07-12-2017,1628.47979
08-12-2017,1618.05658
09-12-2017,1415.34531
10-12-2017,1318.10964
11-12-2017,1614.15862
12-12-2017,1647.36346
13-12-2017,1651.90418
14-12-2017,1636.54375
15-12-2017,1576.93197
16-12-2017,1382.87708
17-12-2017,1297.21916
18-12-2017,1578.69079
19-12-2017,1586.4823
20-12-2017,1559.68569
21-12-2017,1520.37206
22-12-2017,1423.23782
23-12-2017,1272.17085
24-12-2017,1141.7573
25-12-2017,1111.28338
26-12-2017,1130.11683
27-12-2017,1263.94091
28-12-2017,1299.86398
29-12-2017,1295.08753
30-12-2017,1215.44897
31-12-2017,1107.11488
